"V1","V2","V3","V4","V5"
-0.424844959750772,-0.665177011396736,-0.893074519466609,-0.920934665249661,-1.29807622253429
0.576610270887613,0.476039000786841,-0.422663161996752,1.12309759529307,1.01585478056222
-0.1820461563766,-0.770653451327235,-0.792662294115871,-0.626679141772911,-0.522375701111741
0.766034808009863,1.08987788157538,0.411885923705995,0.79741922323592,1.21904585615266
0.880934568587691,1.135945599759,0.426121896831319,-0.0650223962729797,-0.231348694127519
-0.908887001220137,-0.498669875552878,-0.221757963532582,0.0690802988829091,-0.794168388994876
0.0562109760940075,0.575489732902497,-0.077048730570823,0.757130687823519,1.11728318373207
0.784838088788092,-0.0167807945981622,-0.496227525174618,-0.0170315313152969,-1.24005951988511
0.102870028931648,-0.817308761877939,-0.9377723664511,0.328783106640913,-0.16625332395779
-0.0867705293931067,-0.162319015013054,-0.599716862430796,0.582516381400637,0.926500139350537
0.913666690699756,0.381031061057001,1.15875979326665,1.15711318119429,0.696314013912342
-0.093331687618047,-0.364797103451565,-0.51197343156673,0.151301898411475,0.787584374716971
0.355141270905733,-0.452148727141321,0.374771181959659,0.0596459205262363,-0.712012473493814
0.145266803912818,0.0866288556717336,0.289832796435803,-0.866395002463832,-0.772328242077492
-0.794150634668767,-1.3586932560429,0.587241563480347,-1.29765374306589,-0.83542384696193
0.799649940803647,0.947197049390525,-0.217795107979327,-0.461226987885311,0.556865927414037
-0.50782453129068,-0.13458210718818,0.252868903568015,0.627097902237438,1.39922888024012
-0.915880932938308,-0.175015188055113,-0.973165792180225,-0.238593082060106,-0.13710970984539
-0.344158561434597,-0.235215043416247,-0.517174840671942,0.516799355507828,-0.425228229316417
0.909007298294455,0.0129512704443187,-0.538425361504778,-0.690204378333874,-0.79639663308626
0.779078632127494,0.311972456751391,1.38438760326244,-0.0323255603434518,0.0791863175691105
0.385606812313199,0.778280089609325,0.0689224149100482,0.834157907869667,0.984712879639119
0.281013627536595,0.311637966427952,1.1358843035996,-0.724913359852508,0.691695351502858
0.988539553247392,0.283787748310715,-0.112291885074228,-0.197407679399475,-0.157927020569332
0.311411598231643,0.778180498396978,-0.621340609388426,0.942618253058754,0.501638012996409
0.417060936335474,-0.154343344038352,-0.289996630745009,0.603747018263675,0.661800780973863
0.0881320494227111,0.20696070115082,0.405019230907783,0.844643411110155,1.17255715868669
0.188284040894359,0.0051199363078922,0.24865061393939,0.9086437713122,0.788985793536995
-0.42168052541092,-0.673233363078907,-0.378145670285448,-0.568705176585354,-0.692393936391454
-0.705772705376148,-0.242531943134964,0.105476134456694,0.779997961595654,0.784852194134146
0.926048465073109,-0.0745139988139272,0.611403698567301,0.370952251832932,1.22959359828383
0.804598090238869,0.488764841109514,0.557569343131036,0.0883452082052827,0.195763021940365
0.381410556845367,0.0858455607667565,0.370703533291817,-0.174445031676441,-0.660918060457334
0.590934835374355,-0.443956308532506,-0.258675902150571,-0.800844663055614,-0.291853563510813
-0.950772630982101,-0.231934349983931,-1.26840171823278,0.388993186876178,-0.478686763672158
-0.0444080578163266,0.0737845376133919,0.450808024965227,-0.0729520302265882,1.03671417664737
0.516919075045735,-0.443052035057917,0.483267050003633,-0.31489633268211,-0.434469270927366
-0.567184128332883,-0.164500325685367,0.618832656880841,-0.915748444269411,0.40450525743654
-0.363637984730303,-0.328047839459032,0.737932738848031,-0.433685862226412,0.656099214800633
-0.536748429294676,-0.37291401787661,0.221297885524109,0.603448802721687,0.765338193799835
-0.714399955235422,0.30938956560567,-0.487539686262608,0.243570474674925,-0.0185456780018285
-0.170907328370959,0.353720901301131,-0.735903389519081,-0.761485416558571,-0.552973340672906
-0.172551347408444,-0.172502162633464,-0.215699536027387,-0.309384914929979,0.47033293772256
-0.262309098150581,-0.0886260231491178,0.39376182644628,-0.817522519617341,-0.221198921382893
-0.695110504515469,-0.862641097046435,0.490503369830549,-0.876811630558223,0.76730379764922
-0.722387873101979,-1.20947226718999,0.452201229287311,-0.165696471580304,-0.717998246604111
-0.533931801095605,-0.484375718049705,0.364059757441282,-0.490137489046901,0.0488190620671958
-0.0680750994943082,-1.00782111776061,-0.634531664429232,-0.234990649973042,-1.05601410655072
-0.468054719269276,0.500971577595919,-1.13477618899196,0.243981373729184,-0.852482444490306
0.715655430685729,1.34305906272493,0.315724766580388,1.28650244686287,1.4831218503532
-0.908337666653097,-0.0364580568857491,-0.273382095620036,0.146147787803784,-0.653402951429598
-0.11559985158965,0.595631054835394,-0.86455945414491,-0.358158865827136,-0.445920980593655
0.597849691286683,1.08271738467738,1.20070531545207,1.41594077157788,1.10084743995685
-0.75620148004964,-0.299279274651781,-1.05261446279474,-1.04201788792852,-1.43617362290388
0.121895967517048,0.171575167449191,0.903960508992895,-0.739748041960411,0.026616812159773
-0.58693722076714,-0.740588842891157,-1.03791846474633,0.312821589875966,0.123949758242816
-0.744936699513346,-0.0540724981110543,-0.0469891687389463,-0.185257727163844,0.83748376526637
0.506615728605539,-0.259821650804952,0.821391719160601,0.30506128014531,-0.124245797691401
0.790090718306601,-0.0284222313202918,0.924271682742983,0.458090346539393,-0.049967362661846
-0.251074448227882,0.306024692952633,0.219603396952152,1.12795343669131,0.834897022461519
0.33023038925603,0.620182460872456,-0.603553000604734,1.23202546953689,-0.411465415672865
-0.810318678151816,-1.05907326168381,0.297443635994568,-1.24594916205388,-1.07025987404631
-0.232060724403709,-0.503407844575122,0.119892827467993,0.0781987094087526,-0.217656102438923
-0.451232710853219,-0.485801802016795,0.44720675656572,-1.17659241659567,-0.83289093663916
0.629280077759176,-0.529916852479801,-0.345503511605784,-0.275931725162081,0.132454344711732
-0.102967317216098,0.374816718976945,-1.03092121845111,0.770113204838708,0.260578961926512
0.620128706097603,0.411909811198711,-0.0429961844347417,-0.0356255872175097,0.549106568330899
0.624779019039124,-0.415879697771743,-0.148245041491464,0.68865887389984,-0.180853086465504
0.588684642221779,1.24266970925964,0.944865033263341,0.942686415393837,0.307688448287081
-0.120336624793708,0.0637580053880811,0.807155161630362,-0.102590806782246,0.277489511528984
0.508950317278504,0.831293921917677,-0.489941874053329,1.09301215736195,0.402625295333564
0.258442263118923,0.827049300074577,0.955896344035864,1.02292209584266,1.23484464827925
0.420364802703261,0.966265950817615,0.420650296844542,0.33725758572109,0.344740789034404
-0.998750453349203,0.101577521068975,-0.698804893763736,-0.29043022042606,-1.23495560878655
-0.0493668518029153,0.255613547051325,0.306907180929556,0.257887799409218,1.05039110424696
-0.55976222967729,-0.0220255933236331,0.255317439557984,0.711445547291078,1.46601734909927
-0.24036692455411,-0.577365452889353,-0.0763920620083809,-0.116940676933154,0.62726450257469
0.225542006548494,-0.827349345898256,-0.0982139625120908,-0.123434416367672,0.593677246186417
-0.296404181513935,-0.308473660843447,0.783371576340869,0.379931308678351,0.336478656914551
-0.777729151304811,-0.677995233563706,-1.29089349438436,0.0467164312722161,-0.387935531849507
-0.512761054560542,-0.471718019340187,-0.949763983953744,0.497736355988309,-0.189329028944485
0.336111174896359,-0.488070747815073,0.561733718495816,-1.05464026937261,-1.1725948555395
-0.164706440642476,-0.443068981636316,0.373218526132405,-0.00165590248070657,0.671846180805005
0.576391668058932,0.115305962506682,-0.495045335032046,-0.460597439436242,0.207035621278919
-0.794270711485296,0.121536037651822,-0.467998264590278,5.13367122039199e-05,-1.13574282958871
-0.130214517004788,-0.521326848305762,0.219143813941628,-0.692819250747561,0.54974069702439
0.969913959968835,-0.283878105925396,0.279178855707869,0.694943504291587,0.243416085664649
0.786102228797972,-0.548275655601174,1.37391162849963,-0.474649729439989,0.840759552433155
0.772938121575862,1.00017965654843,0.743886680575088,0.630779148894362,1.12195563974092
-0.649894699454308,-0.364694476593286,-0.694310434628278,-1.02059321361594,-0.492401930619963
-0.738608616869897,0.24319157213904,-1.06176578835584,1.00699615583289,-0.426572104042862
0.306203850079328,-0.688886711606756,-0.244394603418186,0.127113854861818,-0.45339400874218
-0.312967055477202,-0.925808708649129,-0.967452466487885,-0.512279921909794,-0.787645397591405
0.313516255933791,-0.584409293020144,-0.789490858325735,-0.928518149186857,-1.76203953585355
-0.359253515023738,0.297870326554403,-0.558660148875788,0.609668924356811,0.0087440277566202
-0.624617761466652,0.201888186158612,0.172568856505677,0.330198180978186,0.428632966184523
0.564588602632284,1.26720491843298,1.20247872592881,-0.244314360665157,-0.0516391604905948
-0.81281002657488,-0.157299038721249,-0.574799687834457,-0.972058752900921,0.15584727859823
-0.06644191686064,-0.455840741284192,0.0112498560920358,-0.317407740745693,-0.833089621504769
0.0230109198018909,-0.588670991361141,-0.853455082513392,-0.932411221787333,-0.742457184474915
0.19997791852802,0.701824656687677,0.359672570135444,0.333524176385254,0.188182797748595
-0.334352919366211,0.288348960923031,-0.460348885273561,1.10791737691034,-0.431356337212492
-0.0227739326655865,-0.577291016932577,-0.161957662086934,-0.840401293942705,-0.772609063307755
0.908947654999793,0.942950838245451,1.38201140891761,0.896532729733735,2.1367243884597
-0.0341952056623995,0.716209813719615,0.344899371033534,-0.341642974526621,0.5974007845507
0.780700444243848,0.449161734897643,0.827277990989387,0.276032546302304,0.251358291949145
0.828876373823732,0.611715280683711,-0.244302282342687,0.962809287128039,1.23320761177456
0.217469964642078,0.983999646967277,-0.484046839410439,-0.254279087879695,0.0572317946352996
-0.178620446939021,0.812137973261997,0.663789200363681,1.04543555004057,0.845099912083242
-0.705810618121177,-0.0318407064769417,0.32213974208571,-0.523913520504721,0.523603834270034
0.870599606540054,-0.420127034885809,0.876553888199851,-1.0160275864182,0.240128240489867
-0.397542200051248,0.453892057295889,-0.636644357815385,-0.445651064394042,-0.819655949133448
-0.878558856900781,-0.480191272450611,-1.01929763494991,0.0886147717246786,-0.521478327515069
0.895453880075365,0.230184506857768,0.436027579242364,0.469948487007059,0.649703444389161
0.441192546859384,-0.181158175226301,0.264101889915764,-0.824675335315987,0.172112939530052
-0.715411408804357,-0.869089205283672,-0.918042080942541,0.524503366788849,-0.484769895090722
0.098569312132895,-0.107095080427825,0.575498060788959,-0.760322588961571,0.0805446356534958
0.908182477112859,1.32963159237988,-0.496869455324486,1.54844930407126,0.558997100160923
0.170966706238687,-0.385546413715929,0.508455243427306,0.207930282922462,0.545222142129205
-0.190979436505586,0.041647789767012,0.586285480065271,0.156749701942317,1.14805676025571
0.29578695865348,-0.447737385286018,1.0095356234815,-0.731170713785104,0.873437566624489
-0.360358765814453,-0.794568129116669,0.144003911642358,-0.715540999663062,0.376634195272345
-0.384559978265315,0.244943501194939,-0.652395550394431,0.801995641435497,-0.601763731974643
-0.560464737471193,-0.653196577681229,-0.843765448080376,0.516444643610157,-0.500864911649842
-0.261022268328816,-0.853730879491195,0.605125208152458,-0.396135665359907,0.956839681544807
0.96843840694055,-0.39971940102987,-0.466637693112716,0.576364696142264,0.904941743880045
-0.691595398355275,0.516401583096012,0.354255749611184,0.666345197590999,0.783295549743343
-0.817912000231445,-0.272279975935817,-0.361089846119285,-0.288614408578724,0.260967551497743
-0.716186184436083,-1.12255237111822,-0.48716768855229,-0.960737978806719,-0.580460117780603
0.380014203023165,0.319596064509824,1.05259659443982,1.08656691352371,0.148333126620855
0.238512966781855,0.199768849182874,-0.551642724778503,-0.650474383262917,-1.02574406622443
0.782788234297186,1.03075915412046,0.148970901267603,0.876060642884113,0.474198948999401
0.345998185221106,0.578958100406453,-0.550911033293232,0.929157337523066,0.0589506568503566
0.474155475851148,0.372574485139921,-0.463480107719079,-0.381163113634102,0.442618163709994
0.0422714515589178,0.4637542583514,0.374030220555142,0.420051487279125,0.688402025203686
0.31967689935118,0.664726876653731,0.284070761408657,-0.344244700390846,-1.02842904208228
0.643610920291394,0.0846506536472589,0.265102345729247,-0.146621634135954,-0.901714822568465
0.572563103400171,-0.137697885744274,0.908481888938695,-0.591078744735569,-0.247349289245903
0.959643834736198,0.543188571697101,1.40459898184054,0.32679197692778,0.413187875004951
-0.121136927511543,-0.541276321047917,-0.0297486956696957,0.071271441760473,0.679704051523004
-0.376595595851541,0.475282837636769,0.219147741328925,1.05277135921642,1.0780783961527
-0.181050094775856,-0.27979727787897,-0.72876602737233,-0.474304273957387,-0.240423373761587
-0.979065776336938,-1.34426903701387,-0.779598993947729,-1.18706151971128,-1.21494047163287
-0.63230095198378,0.591366773238406,-1.21634489740245,-0.0843391410307959,-1.27979508502176
0.685458637773991,-0.222903115209192,-0.352163275703788,-0.657840487780049,-1.08159667078871
-0.537676435895264,-0.457587684504688,-1.0702947806567,-0.982787573244423,-0.619156867498532
-0.521800088696182,-0.00956341344863176,-0.700603892095387,-0.469270455650985,-1.05996162444353
-0.846617669332772,-0.166499227052554,-0.648408430395648,0.764057660591789,-0.489478105970193
-0.508552643936127,-0.597798993578181,0.0140412508044392,-1.18593117769342,-0.399572372727562
0.46427041105926,-0.490045810583979,0.64626242313534,-0.242112611653283,-0.50318367977161
0.694906330201775,1.17676750593819,-0.000510197365656495,1.17595562536735,-0.310193088429514
-0.00494546582922339,0.195759201655164,0.927893897285685,0.773734291200526,-0.121415847039316
-0.224181940313429,0.387123221764341,0.28081792476587,0.34610894753132,0.929834436799865
-0.507102011702955,0.584358484484255,-0.931394617538899,-0.224120577797294,0.0273714622016996
-0.777807077392936,-0.331372746732086,-0.650779055431485,-0.0015619236510247,-1.29608284204733
-0.220011129509658,-0.366048072697595,-0.505570046370849,-0.907992901862599,-0.5161920368555
0.143870627973229,-0.796448043780401,-0.0121331510599703,-0.432799373869784,-0.607740682957228
-0.566214474383742,0.425632610218599,0.363458255538717,-0.599812469328754,0.094044632918667
-0.110463995952159,-0.0344093951862305,-0.590153296245262,-0.407265641610138,-1.06753442418994
-0.564018662553281,-0.86201321403496,-0.477364880731329,-0.0775958978338167,0.618258292030077
0.00459912652149796,-0.246013563359156,0.945525169139728,-0.712736805086024,-0.671794484078418
-0.292190856300294,-0.731364428531379,-0.897253936156631,-0.575845202198252,-1.49756783375051
0.29997031763196,0.0684667932800949,0.410565312020481,0.639939608750865,-0.19367242010776
-0.250572086777538,-0.642281543230638,0.2824479683768,-0.864499382558279,-0.705314974358771
-0.289109238423407,-0.907173974439502,0.0378459491766989,-1.2997719515115,-0.433490528492257
0.0673758909106255,-0.82137375511229,1.02672048797831,0.145762938074768,0.00431075622327626
0.480668720789254,0.622314060106874,-0.668993436731398,0.651436423417181,-0.104116356698796
-0.557794124353677,-0.704981823684648,0.701248013647273,-0.330271564540453,0.0911471038707532
-0.1745077627711,-0.788428890286013,0.403358737239614,-0.966210324666463,-0.517898936814163
-0.468626626301557,0.710550705203786,-0.360814117593691,-0.269338049809448,0.660070339392405
0.259946106933057,-0.0489981658756733,-0.564013849012554,0.197795268613845,-1.16280970419757
-0.632343018427491,-0.51254380075261,-0.4184411582537,-1.17878892109729,-0.067641158006154
0.727288222871721,0.660756808705628,-0.263706463389099,-0.210740488953888,-1.05182692408562
0.493136008270085,1.07917948346585,0.0996651691384614,1.1874655210413,0.00775028578937054
0.336569299455732,-0.398391072405502,0.80984438280575,-0.598459036438726,0.00122503860620782
0.236035746522248,0.214015617035329,-0.781224298290908,-0.860808572731912,-0.362836310174316
-0.255523879546672,0.312338975956663,-0.476997636491433,1.07933667150792,-0.318905834981706
0.0596713717095554,-0.175672303652391,0.71465954487212,-0.912342764786445,-0.820218750333879
0.749364685732871,-0.437314871931449,-0.544918071245775,0.277389358147047,-0.708179108041804
0.163500199560076,0.351542909862474,0.665496022207662,0.847787879989482,0.0940984023618512
0.679535529576242,-0.655274614691734,1.26302463980392,-1.29567623790354,0.689744874602184
-0.375103670172393,-0.766505355481058,0.13428913988173,0.32247031875886,0.708410923019983
0.416580644436181,0.566335941199213,-0.774274839553982,0.383762500947341,-0.0558735294034705
-0.469964387826622,0.497396066784859,-0.303403745405376,-0.0719271497800946,0.523006937466562
0.188686388079077,0.693737425142899,0.527570891426876,-0.00172754365485162,-0.440521041688044
-0.0374203990213573,-0.748717402806506,-0.962345979874954,-0.0959184773964807,-0.77421800774755
-0.46993453707546,-0.459970753174275,0.455997848883271,-0.974290783284232,-0.619859517901205
0.129180869553238,0.641534292837605,0.557421252829954,-0.0569906505988911,-0.689920821867418
0.826376446057111,0.799015556229278,-0.0587502482812852,0.565672991215251,0.0291794639197178
0.803748778998852,0.590420332271606,0.893701741937548,0.813602643320337,1.27253024175297
-0.451666756998748,-0.978118075756356,0.117331564193591,-0.38565275433939,-0.637843018921558
-0.357034487184137,-0.0683610381092876,-0.834411776857451,0.341394091607071,0.0492918856325559
0.971281768754125,0.384463659953326,0.82507382100448,-0.0652394948992878,-0.285063794231974
0.239986620377749,0.652326367562637,0.98070137319155,1.13965689751785,1.6049644924351
0.874628178309649,-0.510490467539057,1.13926360593177,0.69622541370336,0.876429321186151
-0.0669345953501761,-0.643124433932826,0.528679172741249,0.210626145941205,-0.509606831066776
-0.186334813479334,0.669301722897217,0.278517255792394,-0.640816911240108,0.360274781065527
0.318460648413748,-0.621166488854215,0.341968548251316,-0.265375292743556,0.792319948726799
-0.695306766312569,0.589448472717777,-0.541106949327514,0.892816739273258,0.355316068686079
0.145734116435051,-0.156735755968839,-0.670436716638505,-0.663456737296656,-0.447411290020682
-0.522547946311533,0.455908841453493,0.379054955672473,0.000517988577485085,0.0311520795803517
0.924717872869223,1.23712844564579,0.895799881080166,0.703329780488275,-0.103405847854447
0.202731451950967,0.079548723064363,0.678015430923551,0.528280525933951,0.904998911544681
0.0300594544969499,0.451213345164433,-0.948338270420209,-0.107728463946842,-0.524238176469225
-0.194853315595537,-0.124015512643382,-0.748446375830099,-0.412177279940806,-0.00755477795610204
0.760493082460016,1.35766426310875,0.577544478001073,0.526318205171265,0.645984458213206
-0.271816270425916,-1.00640587601811,-0.97463048947975,-0.950600239913911,-1.07436144491658
-0.423521438613534,-0.896435163449496,0.202871164306998,-0.196037282468751,0.679011735948734
-0.658709529787302,0.241342471912503,-0.202017216477543,-0.792133074253798,-0.145605197409168
-0.655656507238746,-0.243451674003154,-0.762212435249239,0.0913437365088612,-1.23211056517903
-0.0359147889539599,-0.184862704016268,-0.233843863010406,-0.258333158213645,-0.994116603164002
-0.494070142973214,0.750730226514861,0.0984212642069906,-0.537396841798909,0.433256328396965
-0.5674904207699,-0.77239897637628,-0.959385875845328,0.600615992792882,-0.376527452666778
0.348752776160836,0.190127730369568,-0.608619804959744,0.348185947164893,-0.120060946559533
-0.904672745149583,-1.29439401743002,-0.385447912616655,0.0304832946276292,-0.503214742231648
0.401706174947321,0.828189816325903,-0.592748711816967,0.208264167886227,0.0554378710221499
-0.296222723089159,-0.38375304127112,-0.961275191046298,0.714301450876519,0.0316403693286702
-0.182112004142255,0.513309413800016,0.188794282032177,0.0134502673754469,-0.454381623130757
0.641902647912502,-0.283201402518898,0.449036198202521,0.49818947375752,0.752760221599601
0.83771469630301,1.31165688857436,0.0299303871579468,-0.329718452878296,-0.436404201434925
-0.434943339787424,-0.526126721408218,-0.685453607235104,0.484421947738156,-0.198898077826016
0.922209587413818,0.505205288296565,0.726106372894719,-0.599509368767031,-0.13531785964733
0.45678885653615,-0.54822955885902,0.889910095371306,0.35929372231476,0.0681507549015805
0.372750164009631,0.95832478441298,-0.710913687478751,0.651248465292156,-0.534082611324266
-0.894312114454806,0.461353889200836,0.537514015100896,0.596169653581455,-0.080639100051485
-0.209559730719775,-1.02401833911426,-1.06060547963716,-0.0836937223793939,-0.70753569965018
-0.0443092403002083,-0.0349222428631037,-0.662476842058823,-0.457250564242713,-0.340476454992313
0.120506527367979,-0.487619326682761,-0.282362586585805,0.103217453113757,-0.271463123324793
0.396523189730942,0.915862273424864,0.908053028397262,0.0520098935812712,1.30519840912893
0.831367076840252,0.477555006043985,-0.215595835121349,0.380869052489288,-0.355265673773829
0.236702454742044,-0.872372471028939,0.709064632421359,-1.32677387271542,-0.877652121416759
-0.143156982492656,-0.51645833090879,0.646125785307959,-0.563012331840582,0.146397044940386
0.0841607344336808,-0.307513346662745,-0.0138805650640279,-0.158398504718207,-0.385752956208307
-0.883043022826314,-0.264108958188444,-0.145115832798183,-0.0686765096616,0.769196673412807
-0.478286285884678,-0.739773741457611,-0.58905977383256,0.261649884050712,0.0954092656029388
-0.205696093384176,-1.01661348505877,-0.170573130482808,-0.487653809483163,-0.455154124705587
-0.604510526638478,-1.08089768816717,0.582559304079041,0.157442759140395,-0.0508446683525108
0.663855125661939,0.739435186842456,-0.177143839886412,0.558103319839574,-0.736193957796786
-0.694225554354489,0.530929700471461,-1.30219865869731,0.341255432926118,-0.383709344547242
0.606837084051222,-0.0742434218991548,1.23756220308132,0.216959115932696,0.368008787801955
0.0936523131094873,-0.796187983127311,-0.433076129527763,-0.814146372606046,-0.661573128483724
0.324635284021497,-0.194194175302982,0.470532075036317,0.0373811889439821,0.872570379870012
-0.656603012233973,-0.0784904323518276,-1.1775390310213,0.959754748735577,-0.671291687758639
0.266110719647259,0.0135390588548034,1.07154755783267,0.847677466343157,0.138365144433919
-0.376260506454855,0.414560348028317,0.648948394460604,0.745966561720707,1.29173307417659
0.44910869281739,-0.216878043487668,0.960859418846667,0.5790264015086,0.11875705071725
-0.202120350673795,0.0403662114404142,-0.252302225679159,0.864742842735723,0.908839276176877
0.938712822273374,-0.446387564763427,1.03142036311328,-0.0216135089285672,-0.421212143963203
0.934796741232276,-0.151166718453169,0.0672101560048759,-0.339979502838105,0.557845938950777
0.453405078034848,0.680875480407849,-0.194391884142533,0.834444741834886,0.963304850214627
-0.485566507093608,0.410596847068518,0.755764412693679,0.175019901944324,1.26059299323242
-0.556424130685627,-0.256769914645702,0.695862350519747,-1.11876331246458,-0.462856711004861
0.186091303359717,0.2284979831893,0.0531383340712637,0.460533883073367,-0.130561196536291
-0.464957135729492,-1.230166928377,0.292071564588696,-0.807788307080045,0.58006974554155
0.0621407977305353,-0.681373394792899,-0.311705751111731,0.565677371923812,-0.230711675074417
0.570583342574537,1.01722583733499,-0.242230634205043,-0.222644242458045,0.618197466712445
-0.663878378923982,-1.16681706835516,-0.0962191286962479,-0.827968643163331,-0.256018290237989
-0.191201637964696,-0.606459454866126,-0.414702288107947,0.496484338189475,0.203220061317552
-0.0568474447354674,0.934662592597306,-0.911641667131335,1.07401331607252,0.552544225240126
0.736213613767177,0.523269365774468,1.33199845138006,0.274489370756783,0.602601309947204
0.851415911689401,-0.0768393152393401,0.801788199227303,-1.00223218579777,-0.366083921748213
0.763955118600279,0.611885466845706,1.10634200111963,-0.193511002580635,0.318838241684716
0.348373685032129,-0.762298515997827,0.0975778098218143,-0.769172958564013,-0.663753878325224
0.900333958677948,-0.256985932122916,-0.297778623644263,0.194955113576725,0.34476182970684
0.0328897885046899,0.422590842237696,0.377035784767941,-0.592350580845959,-0.571261043602135
0.153038042597473,-0.792359561659396,-0.883583408314735,0.534401121083647,0.532393660396338
-0.327337588183582,0.0799453305080533,-0.837751514744014,0.774419981054962,0.830047648167238
-0.305350737180561,0.721979362191632,0.638956301612779,-0.0692851765779778,0.21421962644672
-0.959951398894191,-1.30418646987528,-1.17366021033376,-0.782718759030104,-1.96605354174972
0.00562609126791358,0.948420064290985,-0.47990376711823,0.156108116148971,0.719723941816483
0.742086827289313,-0.576935165328905,-0.140907225897536,-0.592207632376812,-0.499642173817847
-0.987398432102054,-0.0432433120440692,-0.869969401275739,-0.413275219849311,0.0247801895602606
-0.855885752011091,-0.520530092762783,-0.985449496889487,0.568766889977269,-0.177859250165056
-0.671577550005168,-0.203423965023831,-1.27469508931972,-0.534554279991426,-0.944548292958643
0.540668148547411,1.01579616684467,1.0764072923921,1.2435927214101,0.449322261149064
0.470368611626327,0.344310665037483,1.15397923439741,0.805537922075018,0.0956500888569281
0.943751271348447,0.947180050192401,1.35757295857184,-0.157235727761872,0.900246714998502
-0.0670552463270724,0.212730700848624,-0.12692754319869,-0.439181696739979,-0.53594705456635
-0.851230973377824,-0.803558675106615,-0.550285481847823,-0.0705276632215828,-1.2612334707519
0.297636248636991,-0.0667889064643532,-0.750849580159411,-0.0972359437728301,-1.27437583374558
0.517186339013278,-0.337231919635087,-0.0217642937786877,-0.94933583191596,0.174856492201798
-0.725787837989628,0.34266686020419,0.430394210387021,-0.537369974656031,0.415100728510879
-0.206830810755491,0.110244896262884,-0.361289070919156,-0.310528885107487,-1.23966870666482
-0.55002934159711,0.237181356875226,-0.26844464824535,0.332996675162576,0.482428418996278
-0.884082878939807,-0.317007821984589,-0.386842827312648,0.735526613425463,-0.798044672003016
-0.208214623387903,-0.552309286082163,-0.763567181536928,-0.430982303922065,-0.375361719343346
-0.870143400039524,0.0360451072920114,-0.357874146429822,0.870999710750766,-0.298310010985006
-0.548227134160697,-0.175553979352117,-1.05312667693943,-0.888494802173227,-0.729828120442107
-0.89074178179726,-0.753116803010926,-0.217160822125152,0.356019516591914,0.198186807741877
0.34056407911703,0.200213309144601,0.26023489353247,-0.378916884423234,-0.0444018493290059
-0.404516434762627,0.429277677787468,-0.747000832343474,-0.217296362505294,-0.967468162474688
-0.798556835390627,-0.346733279060572,0.403738887514919,-0.841650624061003,-0.501140690757893
-0.856191805563867,-1.0220158030279,-1.03104302939028,-1.45109464530833,-1.66510296298657
0.760881137568504,1.07665592967533,0.224064803915098,-0.265434752334841,-0.640659181808587
0.508494804147631,-0.00476416782476008,1.02297111810185,-0.762666580383666,0.391172714589629
0.633211775217205,-0.0767437706235796,-0.206992419203743,-0.650071666226722,-1.4069890609826
0.964280747342855,1.02333446755074,0.0654015701729804,1.17085242772009,-0.092228093824815
-0.792800710070878,0.0704967549536377,0.356390184024349,-0.934123102459125,-0.270130127959419
-0.801916341297328,0.276853825896978,-0.162813220638782,-0.0901912725530565,-0.194916226435453
0.597663222346455,0.436929296003655,1.01342911855318,1.04717666760553,1.07239178864984
0.569150533061475,-0.662863056873903,0.239143931539729,-1.30086019996088,-0.149389414407779
-0.981140189804137,-0.518315638415515,0.297891824971884,-0.639855816494673,0.828900717198849
0.558131765574217,0.364427948370576,-0.382795403711498,0.0392193528823555,0.725950946332887
0.458781303837895,0.902710885740817,0.471530927345157,0.575617574155331,1.42847306001931
0.26026370562613,0.587460929062217,0.575652912259102,1.13526139850728,1.2238399659982
-0.0381783400662243,0.0911384436767548,-0.638656843220815,0.0794140602229163,0.192672708595637
-0.68672629725188,-1.19653435377404,-0.205932144075632,-0.118187237298116,0.751551629626192
-0.983568960335106,-1.21877988171764,-0.148721825098619,-0.373697655857541,-0.84668929799227
-0.0950832115486264,0.321675786748528,0.790880191605538,-0.427663087379187,0.531175051815808
-0.0154133425094187,-0.808462798828259,-0.356587275629863,-0.386853317846544,-1.1763578056707
-0.220825776923448,-0.702841078164056,-0.0169087478425354,-1.22929584339727,-0.625688346975949
-0.0706681162118912,-0.303373781498522,-1.02535170083866,0.397317365044728,0.202084098360501
0.426558001432568,0.905670515960082,-0.04648871649988,-0.138671014108695,-1.06854269973701
-0.889396147336811,-0.970952882664278,-0.169455224415287,0.228670747834258,-0.650639750005212
-0.290433804970235,0.264538798714057,0.073997117811814,0.159813030273654,-0.662391033547465
0.605624545831233,-0.481970065506175,0.939396611182019,-0.737742337980308,0.706807492824737
0.671417674049735,0.893846574239433,-0.428507569711655,1.07242218079045,0.0717121590860188
-0.524501190055162,-0.75203922833316,0.0644647472072393,-1.24201449879911,-0.327497644873802
-0.292027794755995,-0.0499272453598678,-0.742799386847764,-0.972576664993539,-0.333985334611498
0.713770840317011,-0.575311538297683,0.530604503117502,-0.09514314471744,-0.285029736696742
0.707526747602969,0.965982326073572,0.743903331225738,1.17677869589534,0.70740467828
-0.408209089189768,-0.528598930221051,-0.14752824883908,-0.359501142287627,-0.574564308510162
-0.705903350841254,0.479620040627196,-0.613908655242994,0.244164641597308,0.228444696578663
0.407984122633934,-0.0817951029166579,0.60093687241897,-0.621578336693347,0.133005183422938
-0.792386623565108,0.554536714451388,-0.448784397216514,0.708440737915225,-0.582757656055037
-0.93254445400089,-0.697515181731433,-1.00465653091669,-0.275997483870015,-1.04701215296518
0.998809055890888,0.476751598296687,0.407673921203241,-0.663345343549736,-0.343850769277196
-0.930250391829759,-0.483572733355686,-1.30674135754816,0.403643394005485,-0.407143004995305
-0.323217432480305,-1.13709946791641,-0.646247568773106,-1.06355680327397,-0.68310582410777
0.83012752328068,0.698010162916034,0.523224763106555,0.391902949428186,0.0757162236841395
0.234470539260656,0.14238521293737,-0.83924514404498,-0.274823192856275,-0.837727612408344
-0.427429302595556,-0.573010414838791,-0.791510523762554,-1.06576752476394,-0.0700218777637929
0.475594806019217,0.400663718348369,0.510584187461063,0.903796200989746,0.797026207263116
0.668108618352562,0.568743125768378,0.76800185139291,0.533651636564173,0.82887779007433
-0.371458439156413,-0.309180144220591,0.367995591368526,0.541541975457221,-0.0428501456044614
-0.0148669043555856,-0.666695490945131,-0.861016321461648,-1.0813241226133,-1.19363583123777
0.394747532438487,0.627534759463742,-0.605129490839317,0.650270605110563,0.314423069066834
0.282924707978964,0.637035451363772,1.0342534747906,0.534383786609396,0.514850737643428
0.287845829967409,0.831752331228927,1.00568973063491,1.30720888043288,1.09184760571225
0.955706809647381,0.547371498774737,1.32075648801401,0.434934607008472,0.231881728745066
-0.170529331080616,-0.480794142466038,0.214612631127238,-0.634131365222856,-0.24728546931874
-0.761190440040082,-0.467558855889365,-1.06789448787458,0.635778846801259,0.647102678369265
0.0520593202672899,-0.205285270931199,0.846316997660324,0.586076089064591,-0.232482596940827
-0.549853298347443,-0.776832939824089,0.569197126431391,-0.53926976013463,-0.218668513058219
-0.0271764718927443,0.29566525365226,-0.675107008079067,0.11916279734578,-0.77745006227633
-0.259570403024554,0.780862201936543,-0.983050570357591,0.927471404895186,0.127504063071683
0.966700361575931,0.0655160953756422,0.615808042930439,-0.462688315776177,-0.787122295645531
-0.22336176969111,0.18869728827849,-0.380870291031897,0.718428567284718,0.469508519512601
-0.541510319337249,-0.198035297915339,-0.350421921815723,0.54517316725105,-0.794288501841947
0.246595092583448,0.318201279500499,0.0527713710907847,-0.00622527708765119,-0.394599504361395
-0.726919605862349,-1.31366326403804,0.194354413310066,0.17592025862541,-0.193473922263365
0.934938988648355,-0.522847026586533,1.11480224691331,-1.11967216711491,-0.119049306027591
0.0301436157897115,-0.722171683330089,-0.420218087732792,0.259106328012422,-0.208303681458347
-0.673859341535717,-1.28729546326213,0.123026957502589,-0.671838789130561,0.70995255879825
0.243804590310901,-0.69383880100213,0.113845667103305,-0.736449950258248,-0.0880189000745304
0.971908330451697,0.437070613494143,-0.381509232567623,0.45428297331091,-0.333610134141054
0.337543034926057,-0.437914960086346,-0.755932821426541,-0.580450738314539,0.0566508988849819
-0.162168206181377,0.548263794044033,-0.605913955019787,0.578805524506606,-0.33816241734894
-0.353310013655573,-0.688536550616845,-0.739862786373124,0.487428337452002,0.217029563325923
0.670510639902204,0.312870595837012,0.180027869762853,0.294593360391445,1.03634079144103
-0.712365912739187,-0.0584179970901459,-0.256679690210149,0.246572413132526,0.683441943896469
-0.614368106238544,-0.989751113113016,0.120291156228632,-0.662735595135018,-1.09202335553709
0.793477365281433,1.07069450453855,-0.123273100005463,1.12856755463872,0.101319860375952
-0.383760891389102,-0.318687386112288,0.599483580561355,0.565208695246838,0.644083212886471
-0.273398912977427,-0.669708406319842,-0.171451880363747,-0.600019959150814,-0.627531972306315
0.567892957478762,-0.118341537192464,-0.190359517466277,-0.0832936293445528,0.553675161208957
-0.613242640160024,-0.987778646405786,-0.666783799417317,0.298814420821145,0.538168443483301
-0.96446837624535,-0.311099979793653,-0.153630239656195,-0.227904290310107,0.171909302880522
-0.186784267425537,-0.79583617951721,0.362710589077324,-0.979262091685086,-0.30731255793944
-0.0336646614596248,-0.658713211305439,0.126039571128786,0.0231559863314033,0.67649599025026
-0.156310099642724,-0.39971203985624,0.679235102841631,0.268403608468361,-0.433270921756048
-0.314382396638393,-0.789387320633978,-0.338784640654922,-0.0893053354229778,-0.690488477121107
0.732966629322618,0.177566359052435,-0.222725106170401,-0.497388385119848,-0.962813840073068
-0.089783898089081,0.182227287674323,-0.103251114720479,1.01265672466252,1.08699844282819
0.0675297472625971,0.405107542406768,-0.207419575657696,-0.783651898847893,0.190813908469863
0.927686663810164,1.11089453217573,-0.0410267433617264,1.35978037083987,1.32498953276081
0.549183084163815,0.0225557696539909,1.12465659365989,-0.809436394716613,-0.301016361278016
-0.582247302867472,0.614558357745409,-0.358774238266051,0.981468732934445,-0.649664907017723
-0.382426334545016,-1.15354884928092,-1.16332980059087,-0.468362341402099,-0.554645125637762
0.942684900481254,0.696092394879088,1.35779192647897,0.554880057810806,1.45245253160829
0.169800186995417,0.0120476211886853,-0.166008595610037,0.628745796508156,0.242716294771526
0.521647250745445,-0.0297171336133033,-0.723093303618953,-0.488909316831268,-0.876741976186167
-0.254581211134791,0.63755545206368,0.833758401218802,-0.601328381337225,-0.264142852975056
0.538387822452933,-0.579200371867046,0.0242740230169147,-1.01302546064835,-0.775166974926833
0.0753543660975993,0.804259566357359,1.00941229262389,-0.387090550852008,0.0369094783090986
0.827990899328142,-0.209560878807679,-0.306771768955514,-0.753968798206188,-0.453071907802951
-0.629407116211951,-0.884570064488798,-0.190267351921648,0.480074878083542,0.449639064609073
-0.435563165228814,0.521283000474796,0.370938806096092,-0.351301216636784,-0.183357250818517
-0.810075173620135,-1.2833614742849,-1.01723484951071,-0.977319201570936,-0.831273429037537
-0.579025841783732,-0.819713719421998,0.131884085247293,-0.0252555628539994,0.444861183932517
0.954197992570698,1.46313002193347,0.608515036292374,1.11849784268998,1.64655314420816
-0.407395649235696,0.152697630925104,-1.18346635834314,-0.35143800789956,0.128466066496912
0.451966053806245,0.0969566279090941,-0.260115237440914,-0.3532831792254,-0.465077679022215
0.57137566851452,0.040307718096301,0.227650800021365,-0.119938313146122,0.327064086275641
-0.789164507761598,-0.472214205190539,0.459143240470439,-0.470848781056702,-0.649953972315416
-0.5208107419312,0.343298372346908,0.730178586672992,0.985282218782231,0.0183635574067011
-0.458910255227238,0.0964788228739053,-0.809490526793525,0.117762007866986,-0.214097475924063
-0.797883011866361,-0.4669341777917,-0.308567689498886,-0.0186523463344201,0.470368693524506
-0.764172317460179,-1.27556728571653,-0.0913004139438272,-0.629037536680698,0.159228957258165
0.982473111711442,-0.0343676074407995,1.29345251712948,-0.00836239731870592,0.78619295975659
0.972108594607562,-0.0474662275519222,0.950697791995481,-0.176429694867693,1.36464275227627
-0.725865057203919,-0.90162532706745,-0.143511124653742,-1.0157432599226,0.410715835459996
0.810619163326919,-0.471237870398909,-0.145946151111275,-0.597118498524651,-0.728657443658449
0.152603675145656,0.070539056090638,0.908643864328042,-0.481490216800012,-0.442387337505352
-0.20910228183493,-0.616300963563845,0.50097090867348,-1.30584571172949,-0.658280535659287
-0.100395031739026,0.466173561988398,-0.425380290718749,-0.319278896902688,-0.294431760150474
0.4130038022995,0.301107256207615,-0.338995706290007,1.08888287213631,0.997433431097306
-0.834994508419186,0.478636538377032,-0.102306846296415,0.10412399971392,0.398277834814508
-0.321374839637429,-0.988343035103753,0.310774892801419,0.432442739489488,1.17151563341031
0.361575102433562,1.0765527212061,0.110976060386747,0.0499165921937674,0.526963693206199
-0.366101503837854,0.261746984208003,0.54415990668349,-0.598265429842286,-0.516952670237515
0.663137196097523,1.17557780747302,0.681569764623418,0.712972956825979,0.31461469194619
-0.569655834697187,-0.0571460300125182,-0.961892139632255,-0.162074332823977,-0.0683085095370188
-0.00410212762653828,-0.680118061136454,-0.977870450355113,0.385729222325608,-0.885578189627267
-0.447900654748082,-0.858068943023682,0.508185727521777,0.401919417548925,0.0270192048046738
-0.615953362546861,0.152390442788601,-1.1065511056222,0.312813084106892,0.400872591882944
0.901242528110743,0.629672565031797,0.0750857531093061,0.996697544818744,-0.128148279967718
-0.356548924464732,-0.553309737006202,-0.309284356189892,-0.70014463190455,-1.21752129396191
-0.0430872323922813,0.524045181693509,0.20996851217933,1.06027966004331,1.10207670199452
-0.944014856126159,-0.799411023734137,-0.793559314450249,-1.11749902542215,-0.869857900601346
0.0949189360253513,0.75881285010837,0.207415673648939,-0.336759848170914,0.0201404900872149
0.288480441085994,0.30529720755294,0.803589825984091,0.31178376195021,0.963990349206142
0.192527089267969,-0.0722911525517702,-0.234500164166093,0.953895960003138,0.662666498683393
-0.356125248596072,0.687082946300507,-0.414024631958455,0.410501177888364,0.520652483683079
0.782228624913841,0.31651199539192,0.602494181832299,-0.584722852217965,-0.429539218137506
0.252513894811273,-0.675050392746925,0.11772873159498,-0.983286386355758,0.535403161309659
-0.394190169405192,-0.266196358250454,-0.978559317300096,0.416002367506735,0.646064315747935
-0.223590672481805,0.856372378999367,0.580061263637617,0.729208394070156,-0.289184702851344
-0.679049815051258,0.511020824313164,-0.447811837308109,0.367858490906656,0.454157029744238
0.725103795062751,0.233349424554035,0.863303707214072,0.607689017779194,0.469049720850307
0.906202427577227,1.19254264538176,1.04417845304124,0.282697074697353,0.371542715176474
0.127289366908371,-0.335646972991526,-0.154957602266222,-0.385343027766794,-1.23135691229254
-0.340905173216015,0.425492675742134,-1.14075680891983,-0.0828745384933427,-0.0940279042697512
0.99323443742469,1.09763864264823,0.983446872094646,0.794403532170691,0.204161890258547
-0.530360648408532,-0.491328931879252,-1.12840996682644,-0.924172605620697,-1.80173993634526
0.225343930535018,-0.124148644506931,0.176713226828724,-0.56920325756073,0.231382374418899
-0.78364294115454,-0.100790242198855,-1.14656064286828,0.844942721305415,-0.260371056036092
-0.0259348601102829,0.710367478430271,0.338572568260133,1.33186698891222,-0.11249857628718
-0.801108353305608,-0.0872888348530978,-1.28851404110901,0.0276815403485671,0.209073607285973
-0.67766847461462,-0.306182090193033,0.257184534333646,-1.06247567199171,0.167215153574944
-0.434014258440584,-0.919443962397054,0.108202799921855,-0.255189071991481,-0.223274372459855
0.167744671925902,0.309404141735286,-0.427644870709628,0.598060705466196,-0.656514971400611
0.463415317703038,-0.684358703205362,-0.447547466726974,-0.176133598783053,0.325595500005875
-0.668958177790046,-0.337761103641242,-1.21847928827628,-0.115933663444594,-0.233593023265712
0.732935526408255,0.845484206452966,-0.603109849151224,0.130275594536215,-0.412042520474643
0.417148274369538,0.716373695991933,0.875283680390567,-0.481689581647515,-0.45337954419665
0.52079907245934,-0.613412981387228,-0.21584602817893,-1.04992085811682,-1.61132315418217
-0.705831782892346,-0.467952024657279,-1.24208623915911,-0.502225233009085,-1.19035026698839
-0.283886073157191,-0.140599638223648,-0.445876170881093,0.129993171896785,-0.779197317315266
0.346664962824434,-0.286181317875162,0.333769299322739,-0.667403921601363,-0.0421322504407726
0.0476452033035457,0.221426899777725,0.632259153062478,-0.852994441404007,0.0658911284408532
-0.300396414473653,0.321477045305073,-0.469666754361242,-0.21951561793685,-0.781079435022548
-0.518938596826047,0.167686325265095,-0.989768636645749,-0.760131517541595,-0.022972323175054
-0.88361640740186,-1.20882232999429,0.105417636688799,-1.10258631804027,-0.0905394809087738
-0.526760515756905,-0.113139021210372,0.491095441859215,-0.774819631595165,-0.58895003516227
0.780155826359987,0.986341887619346,1.36601398326457,0.233400440076366,1.23007015569601
0.623654832132161,-0.224524990655482,0.621464586351067,-0.831531587056816,0.112402307568118
0.495032644364983,0.697227973258123,-0.244429071201012,0.484607318765484,-0.0634818558464758
-0.690176548436284,0.330958121456206,-0.0621771542355418,0.25083987461403,-0.571033301996067
-0.750515822786838,-1.13758076983504,-0.474033150123432,-1.24140421941411,-1.80879264703253
0.949451616965234,1.39262660173699,-0.131351797375828,1.58637878601439,0.0369256659178063
-0.127740007825196,0.431659164838493,0.14850496686995,0.467614710330963,0.481224652845412
-0.0719667463563383,0.585795584367588,0.913276126375422,-0.577411864767782,-0.395095877873246
-0.66940383752808,-0.954866471933201,-0.936353156110272,-1.11559668381233,-1.93719161947956
0.169873114675283,-0.863125887699425,-0.0455454955808818,-0.0960866729728878,0.758204037323594
-0.458443961106241,0.498342603910714,-0.550144511274993,1.06262505589984,0.99652708589565
-0.539806159213185,0.568456651177257,-1.20188659476116,0.915865758201107,0.509931049891748
0.382415662985295,-0.533536192728207,-0.610395041992888,-0.381819216883741,-0.276765600370709
-0.434295200742781,-0.261850356590003,-0.378681934904307,-0.808522349456325,-0.14633824059274
0.620796132367104,0.236321066739038,-0.594925253884867,-0.550293433363549,0.0211579491733573
-0.812166785821319,-0.00572617072612047,-1.35302483895794,-0.0449713454581797,0.0363496523350477
0.644060142338276,-0.546820126473904,-0.330945835914463,-0.481684700585902,-0.00563572510145605
-0.145143438596278,0.393508267356083,-0.316398650640622,0.786593452910893,-0.0936467109131627
0.511774519458413,0.0477504404261708,0.432532828301191,0.563549407757819,0.493322080466896
0.324771013110876,0.0853611961938441,-0.16475515300408,-0.158989495364949,0.390620167250745
-0.110945206135511,0.395126123446971,-0.0663760295137763,0.457956651458517,0.0341076186159626
0.254292368888855,0.0671514784917235,0.631799533963203,-0.141086031682789,0.411399728152901
-0.999069301877171,0.499513304093853,-1.16141042695381,-0.0194618467940018,-0.989328089694027
-0.565512971952558,0.409115097485483,0.404506787192076,0.446267314255238,-0.280481280060485
0.409744491335005,0.861286853207275,-0.154522041557357,1.34255949116778,0.145126522576902
-0.569667023606598,0.238455176819116,-0.817059079185128,0.0713726680260152,-0.966904719010927
0.627867442555726,-0.46185329509899,-0.0660791471600533,0.0100008940789849,-0.577648331294768
-0.384472251404077,0.485717912903056,0.387583800824359,-0.178692869492806,0.144365256943274
0.375485371332616,0.815443733939901,-0.303241816116497,0.222857311484404,0.801054085313808
0.865362158045173,1.41550546744838,1.27832813048735,0.597507105907425,1.10083772533108
-0.768440670333803,-1.28759128553793,-1.08751334017143,-1.07672826317139,-1.55911960627418
-0.744588624220341,0.121281512780115,-0.939338699216023,1.00091866671573,-0.221271223097574
0.356447714846581,0.0168509006034583,0.430407481035218,0.773623128770851,0.729093111644033
-0.1421028082259,0.0932363902684301,-0.556911057559773,0.664319476927631,-0.627284267859068
0.668801955878735,0.995869102422148,0.748748473357409,0.914387459168211,1.17317264562007
0.942876133602113,-0.501500678481534,0.956248503411189,-0.890347133507021,-0.930511553247925
-0.859022044576705,-1.4064674959518,-0.904798235278577,-1.57528232852928,-2.2152638026746
-0.0804296135902405,0.952676607761532,0.105024809017777,-0.310499674407765,0.226597555563785
0.40317023685202,0.732964452588931,1.03288237401284,1.06285086285789,0.458994067914318
-0.826119664125144,-0.783734610769898,0.0037802685983479,-0.673006888246164,-0.566826973226853
0.985888032242656,1.11696750484407,1.18165415758267,1.12848494248465,0.474076813086867
-0.493802011944354,0.735537428874522,0.592983822338283,1.18384640314616,1.30552006151993
-0.900923128705472,-1.0489423784893,-0.861192215466872,-0.257621753378771,-0.329905265767593
0.372649893630296,0.478399387327954,0.487630275310948,0.469432270503603,-0.399338026240002
0.573854705318809,0.162028810475022,-0.429540266748518,-0.783905786694959,-0.794212183333002
-0.292787848040462,0.729662599042058,0.560669439844787,-0.152180935721844,-0.585672264220193
-0.267117110081017,0.842448055744171,0.198454677127302,0.242780433502048,0.0256287569645792
-0.425799738615751,-0.300260747317225,0.253753489349037,0.472219650400802,0.274339744471945
-0.840054175350815,-0.958797201281413,-0.79054638906382,-0.721116148750298,-0.506540776055772
-0.269091460853815,0.256432806607336,0.200890149921179,0.0221168643329293,-0.730785932741128
-0.643972370773554,-0.208721496164799,-0.39421276235953,0.0366548169404268,-0.494813523488119
0.0721074412576854,0.205473899608478,0.33661958319135,-0.634838311583735,-1.10173678275896
0.00789742404595017,-0.128788794158027,0.57549912831746,-1.03835766005795,-0.548396389058325
0.89007020695135,0.297385209007189,1.24844350502826,0.504032059456222,1.44296022882918
-0.317357432097197,0.0350300748832524,-0.103863619733602,0.687826259294525,0.7744017833611
-0.0705724516883492,-0.131115056108683,-0.719068129081279,0.806969434255734,0.676292871008627
-0.834937636740506,0.495748498942703,-0.878231312148273,-0.63522452278994,-1.64560128550511
0.720213692169636,1.0489675460849,-0.370812725042924,0.860535361454822,-0.452111606544349
-0.208678720053285,-0.658802154706791,-0.629224249394611,-0.557687996071763,-0.287244227423798
0.471798700746149,0.0762397043872625,0.682012594537809,0.190377940074541,0.221773254626896
-0.656513188034296,-0.488290722947568,-0.0740057295188308,-0.966517005814239,-1.15271391056012
-0.090476737357676,-1.00365667091683,-0.140509383287281,-0.990160628920421,-1.30852909304667
0.540409518871456,0.0311006985139102,0.53881870652549,-0.358327882480808,-0.651961916766595
-0.874700003303587,-0.592653146479279,-0.3783562425524,0.133909040363505,0.12609790742863
0.630162990186363,-0.302066378062591,-0.0247057334054261,-0.773674131254666,-0.395184459688608
-0.397714951075613,0.211801087949425,0.342617245856673,-0.609736876329407,-0.157236204133369
-0.270657944027334,-1.10828802152537,0.134649365441874,-0.405920777819119,0.60999707080191
-0.375774416141212,0.274519003462046,0.360840159934014,-0.7644399527926,-0.817204572609626
-0.925260070245713,-0.597181839169934,-1.10493170726113,-0.428575616446324,-0.247347045165952
0.0376098467968404,0.481285109417513,-0.188390529016033,0.206062877667136,-0.552361668611411
0.358026831410825,-0.793103479314595,1.10444514732808,-0.466917938319966,-0.367931801709346
0.806467120535672,-0.50613982276991,0.157860798761249,-0.280666037229821,-0.77320379705634
-0.948946603108197,-0.637644548667595,-1.31936340196989,0.156347495620139,0.191202932677697
0.978156541474164,0.776758274994791,0.547748488839716,1.37035176111385,1.29648491693661
-0.394224750809371,-0.757524804212153,0.702335611917078,0.302054315339774,0.415795397711918
0.878276801202446,1.10602370626293,1.15136450878344,-0.223135502659716,0.896120859368239
0.375215163454413,0.577142208814621,0.286479869391769,1.01141485664994,1.06326073245145
-0.105926010292023,0.745285965269431,0.276944078272209,0.50834555819165,0.686080929648597
0.632956277579069,0.14495870936662,0.317374411970377,0.439037194475532,1.21015242114663
-0.921001604292542,-0.63849139562808,0.38764351955615,0.25996525969822,-0.276905480364803
0.478063371032476,-0.260938335675746,-0.577112407423556,-0.325418101390824,-0.581279741949402
-0.302561012562364,-0.403746428200975,-0.1573737913277,0.504681164748035,-0.752274514350574
0.658501646947116,-0.206963711185381,0.89369901153259,-0.724270790698938,-0.600451660400722
0.0710827833972871,0.898747720988467,0.775235139997676,0.44081712665502,1.01252119330456
-0.450909272767603,-0.272765126079321,0.577650022227317,-0.896293864585459,0.32083494332619
0.601896423846483,-0.603721782099456,0.923713187687099,-0.844534278614447,-0.100948454230092
-0.816710610408336,0.138706806814298,-1.10089605045505,0.88034919637721,-0.408405507158022
0.664215548429638,-0.00565756694413722,0.791625229874626,-0.0552790371002629,0.336750683898572
-0.446289855055511,-0.117391986306757,0.295860938727856,0.0222575652878731,-0.793724432238378
0.506220199167728,0.605771157424897,0.574749074410647,1.25047621666454,1.61060047906358
0.928305140230805,0.0188213118817657,1.28022274258547,0.954268698929809,1.42253889428684
-0.83706687996164,-1.3128220832441,-0.638965707039461,-0.285692102392204,-1.0907479095622
0.708729492966086,0.205881913891062,1.26832143613137,0.66285926324781,1.06034374871524
0.60447643417865,0.522475181147456,0.215410955715925,-0.697855974547565,0.506160209653899
-0.229652790818363,0.837265674723312,-0.724809206323698,0.875564318499528,-0.465611830761191
-0.344805201981217,0.767197639448568,0.00903586507774889,1.22899571142625,0.298482103797141
-0.590122594032437,-1.1180921823252,-0.984263910213485,-0.678130495478399,-0.278836372483056
0.138765325304121,0.0661427371669561,0.108374820323661,0.444220930919982,-0.24797257600585
0.776110380887985,0.179433926008642,0.213734572287649,0.723166544921696,-0.378717531217262
0.0594281828962266,-0.18962205038406,0.684147991938516,-0.121592398383655,0.118267009092961
0.173917313572019,-0.276042361510918,0.213150417199358,0.547977654379793,-0.220547415374313
0.331470285076648,0.530885251006112,0.0786861062515527,0.251190278097056,0.468416228250135
0.0597849171608686,-0.400877726264298,-0.585410290863365,-1.16510042641312,-0.631855457322672
0.0196857987903059,-0.209967672126368,-0.0462634309660643,-0.224053320125677,-0.299316914926749
-0.967679038178176,0.496497601503506,-1.01883903029375,0.204098126501776,-1.10999611398438
-0.904580030124635,0.131721447920427,-0.824130593566224,0.268341871793382,-0.910043975745793
0.858701365068555,0.0541609856300056,1.16305477311835,-0.0864260604139417,0.389035330037586
0.538571077398956,0.903520999476314,0.159260152839124,0.0661153853870928,-0.10908060031943
-0.597838767804205,-0.857099839486182,-0.431062546093017,-0.0825714869424701,-1.14231119002216
0.300523000769317,0.152409140951931,0.0954376626759768,0.294433098752052,-0.794040433363989
0.307533364742994,-0.5122887250036,0.820570107083768,0.691212719772011,1.52188934013247
-0.209492477122694,-0.865427849581465,-1.08406402287073,-1.0810445001116,-1.47145972104045
0.624609657097608,1.10752476402558,-0.0694362225476652,1.50021533167455,1.64034370722948
0.094046835321933,-0.765546825015917,-0.780670639360324,-0.224139134981669,-0.150819160917308
0.770265303086489,1.11524976487271,1.03114683763124,1.0338754033437,1.74110621615546
0.106627975124866,-0.393503085011616,-0.00447158492170274,0.534884235705249,0.130798629543278
0.81209622323513,-0.539384502917528,0.470719962846488,0.0252799564041197,1.09919322701171
0.174922734033316,0.662231293739751,-0.121747774770483,0.720507882651873,0.808133626065683
-0.153072698041797,-0.359215749427676,-0.167662010062486,0.812203001696616,-0.123642220161855
0.899170645978302,-0.500208745477721,-0.320612782845274,0.448642427218147,0.437035198265221
0.418075806926936,0.701225099386647,-0.728780410951003,0.882257026270963,0.919432815571781
-0.173389183823019,-1.02744343760423,-1.04027283447795,-1.23839107237291,-0.657840112980921
-0.963271832559258,-0.613906254293397,-1.32659722561948,-1.11657525890041,-0.876574141380843
0.133468165528029,-0.420012251241133,-0.210203726543114,-0.166309671825729,0.299948097614106
-0.0198730938136578,-0.0139061049558222,0.51288090320304,-0.622031108243391,-0.827863015350886
0.75734804244712,0.68538448237814,0.865237304707989,0.805622597341426,-0.0824615141027607
0.625705375801772,-0.519833540776744,-0.491762905148789,-0.270742812776007,-0.635011643811595
0.708199955057353,-0.284955098992214,1.27791081252508,-0.856959242722951,0.213794716808479
-0.264208104461432,-0.923179049044847,-0.845695195253938,0.220844413619488,0.588342988397926
0.747899825684726,0.998735880479217,0.343273395206779,1.38197585893795,1.75953735178337
-0.697323657106608,-0.0936569452751428,-0.218839848181233,-0.490893518668599,-0.0656300447299145
-0.436376660596579,0.0429566416423768,0.646422850666568,-0.677763103623874,-0.384787721734028
0.333410315681249,-0.0515151417348534,0.806754699209705,0.387589314370416,0.661904348351527
0.954767153598368,0.341890724375844,0.543549655936658,0.301622550934553,0.771895092446357
0.165479473304003,-0.21999225881882,-0.14832230261527,-0.928991247550584,0.17573712329613
0.0531801590695977,0.613705596886575,0.118566703982651,0.427533612586558,0.387070924509317
-0.878435550257564,0.334654449019581,0.154238094575703,0.397847350919619,-0.535170970368199
0.938077727332711,0.771293037105352,0.723725588060915,0.482486389810219,1.02558691345621
-0.759525742847472,-0.194036342902109,-1.17184887011535,-0.310036274022423,-0.0704993412946351
-0.823273397982121,-0.755992511287332,-1.0276516797021,-0.544659954495728,-1.00055694719777
0.761528229806572,-0.467857149196789,1.06498498213477,0.575893268571235,0.209893214458134
0.0167412594892085,0.191145113902166,-0.0328761453274637,0.442816525348462,-0.278238415077794
-0.325010005384684,-0.805831475649029,0.39201617334038,0.506664726184681,-0.476366897928528
0.788669250905514,0.877034873701632,1.03069289540872,-0.259018869604915,0.44320394191891
-0.936056743841618,-0.880275955656543,-0.874160492094234,-0.320654701557942,-0.415882998786401
-0.525540605187416,0.015601318795234,-0.809350423980504,-0.794927838956937,-0.637512691435404
0.372980702202767,-0.563864854397252,0.427206137450412,-0.035032493644394,0.990175534796435
-0.548363153357059,-0.763650009175763,-0.526430431054905,-0.869079484953545,-0.84478654229315
-0.363010823726654,0.459643962793052,0.590439424384385,0.18835511058569,-0.135437812423334
-0.652032366488129,0.281544602708891,-1.07495296769775,0.0950593139277771,-0.464864938578103
0.602859167382121,-0.606901154853404,-0.382577234879136,0.357532255351543,-0.879505499731749
-0.7074358840473,0.397345501696691,-0.07679289043881,0.989827776211314,0.77570294245379
0.645434783305973,-0.421264428412542,-0.305021484615281,-0.0568807719973847,0.288285272603389
-0.33800434274599,0.0486606357153505,0.160015187924728,0.911920500802808,-0.0263917336123995
-0.251661224290729,-0.186696865595877,-0.10177890304476,-0.509677823167294,-0.926095324801281
0.259490847587585,0.244327594991773,0.612985104788095,0.372802350437269,1.23847310862038
-0.806732513941824,0.0574193121865392,-0.730340197682381,0.269077382981777,-0.646897680591792
-0.956012569367886,-0.538288907147944,-1.25546938553452,0.0280912513844669,0.358557933242992
0.986089560668916,1.47026489838026,0.29762402898632,0.204953665728681,0.709580544673372
0.167877691332251,1.05327561474405,0.169336326187477,0.334143673419021,1.11211939580971
0.563646130263805,0.0683924271725118,0.762345639523119,-0.623904144158587,0.57274055283051
0.783792245201766,0.609590397682041,-0.262963715475053,0.343121256446466,-0.310393127030693
0.509730907157063,-0.0541670862585306,0.427836307324469,0.141639217268676,0.0355520697776228
0.958407460246235,0.353428854374215,0.478896814631298,-0.663129211985506,-1.02379573479993
-0.911705864127725,-0.997589005390182,0.416864201659337,-0.0409894521581009,0.977591455506627
0.806801769416779,-0.584454619092867,1.22400710522197,-0.0640942509053275,0.623178979789373
0.731001628097147,-0.586745409527794,-0.328685967484489,0.0484188155969605,-0.450528198329266
0.550815182738006,-0.60707555199042,-0.109997398220003,-0.711270657135174,0.210654648137279
-0.246367166284472,0.405967707047239,0.273404753534123,-0.0758791429689154,0.682410947687458
-0.91578390263021,-0.519803940318525,0.0685385311953723,0.00223060697317123,0.598878453718498
-0.271177836693823,0.566074842121452,-0.115849609021097,1.20324929454364,0.607777427765541
-0.452497460413724,-0.0628099490422755,-0.77279438613914,-0.302048234385438,-1.31862936908146
0.700934961438179,-0.275755994487554,-0.317809671163559,-0.741898159263656,0.246825103764422
-0.275196575094014,0.0805236694868654,-0.505323986290023,-0.451520638191141,-1.21277765807463
-0.391044418793172,0.591161256888881,-1.10564003675245,0.266185987391509,0.239822170173284
0.518270678818226,0.847777671180665,0.598272166214883,0.25045213336125,0.530757637927309
0.689669248647988,0.353020292241126,0.837388970889151,-0.166999193606898,0.449736583628692
-0.0841568778268993,-0.196021891431883,-0.545011713868007,-0.384321004734375,0.00407205923693255
0.4592633289285,0.538394239963964,0.163538108812645,0.63691562844906,0.177140028157737
-0.791842727921903,0.37955566495657,-1.30734671046957,0.916076362598687,0.421664491295815
-0.560033644549549,0.504016119986773,-1.08348502172157,0.189945532474667,0.25743955373764
0.907902495469898,-0.189267676556483,1.24814029620029,0.0710803571855649,1.24533434893237
0.504075082484633,-0.232957609230652,0.482334507396445,-0.119358868454583,0.0154543936369009
0.637910766527057,-0.454167607240379,0.60037538362667,0.107531911227852,-0.312989749014378
-0.164445796515793,0.512095018988475,-0.16021865629591,0.631794034386985,0.685469399497379
0.187676986213773,-0.687084529316053,-0.346698601031676,-1.12888241454493,-1.54847443528706
0.597647115588188,0.956966947298497,1.18872404983267,-0.297097989125177,-0.440438866731711
0.776817300822586,0.930501244263723,-0.5654479006771,1.33081097400282,-0.573153285600711
-0.229616813361645,0.772570402361453,-0.760182954370975,0.230036951601505,0.039502298925072
-0.819355831481516,-0.475762728601694,0.533178338780999,-0.11125839361921,0.597353869816288
0.251487274188548,1.00545493210666,0.725219149840996,1.41521184181329,0.440413938893471
0.491272434592247,0.816002102103084,1.24493824550882,-0.200156803475693,1.11478339286987
-0.829243085347116,0.334594207350165,-0.893134637270123,-0.385210005799308,-0.0575739297783002
-0.398964777588844,-0.410557081922889,-0.0351170720532537,0.0374354119412601,0.264175706310198
0.229124314617366,-0.686039521126077,-0.740849510533735,0.3261135147186,0.703297621745151
0.505864115897566,-0.193145101191476,0.857499458594248,0.519364199019037,-0.0220250575221144
0.83411426609382,0.861501235282049,1.17818786320277,-0.267102476791479,-0.42235068109585
-0.0484989886172116,-0.311639135470614,0.755009583896026,-0.989362237392925,0.765876414428931
0.134238932281733,-0.167456767056137,-0.9102265201509,0.4741328607779,0.475436247303151
0.473240692168474,-0.699442352168262,-0.280578521545976,0.55927132954821,-0.149380343500525
0.714894848875701,0.400337998289615,0.571985219605267,0.436971860704944,0.307035534991883
0.818293008953333,-0.34869767492637,0.13458763435483,-0.299916231771931,0.842102230642922
-0.887235549278557,0.326750578358769,-0.0252004559151828,0.492218247614801,-0.571722868131474
0.00581660820171237,-0.847799097886309,-0.912945774616674,0.31388527539093,0.119111626816448
-0.298910453915596,0.419000666588545,0.16488683456555,0.214743240270764,0.297283628489822
0.691112245898694,1.05382072809152,-0.193064993014559,0.584516418050043,0.961801388359163
0.612870327662677,-0.619208494899794,-0.1476100909058,0.231882828869857,0.508100985258352
-0.7653375454247,-0.832381753716618,0.0836587827652693,-0.676620889687911,-0.0374260154785588
0.425373109988868,0.496826453134418,-0.43080104328692,1.1294186222367,-0.33968968433328
-0.529462283942848,0.305425577098504,-0.493462604703382,-0.780769666074775,-0.688665236637462
-0.850086497608572,-0.624917824985459,-0.056334127439186,-0.635903920629062,-0.475744187075179
0.871292294468731,1.30625080666505,0.266028242418543,-0.07561749976594,-0.593518551380839
-0.685664349701256,-0.561798233306035,-0.258508497150615,-0.606649578898214,0.233695491857361
0.294114700052887,-0.00502403569407761,0.057437110459432,-0.0354874139884487,-0.412531829380896
-0.652964507695287,-0.753638851689175,-1.07235337723978,0.137494088499807,-0.195656427589711
-0.959851981606334,-0.256429173750803,-1.41755749867298,0.464031400741078,-0.514335775107611
0.0426276926882565,0.138939323602244,-0.647379745962098,-0.0976130968192592,-0.240356041991618
-0.827444213442504,-1.3337878366001,0.184039316605777,-1.6070142716635,-0.489374191849492
-0.433995307888836,0.273566239746287,-0.932221579132602,1.01348713051993,-0.74726679205196
-0.159130197949708,-0.666590257547796,-0.930683415383101,0.497710145544261,-0.242986857192591
0.174556248355657,0.400270054349676,-0.855573860695586,0.424362129648216,-0.890890004870016
0.613388859201223,0.351523772114888,0.141478236066177,1.01394604716916,0.436457119591068
-0.596009582281113,-0.0311316214501858,0.410051283892244,0.236952235456556,0.664452774450183
-0.0811506565660238,0.194550939369947,-0.379597447346896,-0.64981721737422,-0.369124405900948
-0.103713772259653,-0.482065791264176,-0.162983854766935,-0.955749619752169,-1.02561510610394
0.467495516408235,-0.31863779691048,0.0607142301741987,0.203968822374009,-0.267638673714828
0.429509621113539,0.292793521191925,-0.0817436212673783,0.992446394870058,-0.523263289942406
0.662443957757205,1.32396593340673,1.18692253786139,-0.0367121751187369,0.167106950597372
0.773132241796702,0.0443991946522146,1.24667523358949,0.791893287678249,1.42689592362149
0.905289147980511,0.0993167506530881,0.0131708937697113,-0.0499763824045658,-0.872928482247517
0.101233443710953,-0.878736242419109,0.509236620971933,-1.34602813597303,0.530891420494299
0.0446715322323143,0.0735594711732119,-0.544094434706494,0.683715824852698,0.672409365011845
-0.658603489398956,-0.135687914676964,0.551193810068071,0.864727380685508,1.48996586306021
-0.0414568800479174,0.463444878347218,-0.892130493652076,0.846514017786831,0.0146246301010251
-0.492358407005668,0.659495055675507,0.731158624403179,-0.0777470194734633,0.0135200445074588
-0.92043872596696,-0.480976887280121,-1.03980240249075,-0.844704301678576,-1.0088981417357
0.269601019565016,-0.69862479926087,-0.228134623961523,-0.945966547937132,-1.36976854217937
0.0791218280792236,-0.440583087969571,-0.716899313032627,-0.521266171010211,-1.16033995861653
-0.719792900141329,0.389796801144257,-0.19146795780398,-0.356931872549467,-0.524451406265143
-0.432576446328312,0.487830049591139,0.10039859986864,-0.427101555163972,-0.359042104391847
0.166061190422624,0.768839924363419,1.0753606504295,-0.430120135773905,0.654495288210455
-0.669948215596378,0.558833241462708,-0.946838974021375,0.545216406695545,-0.92367850150913
-0.80739777861163,-0.098335619783029,0.229294548975304,0.52040887682233,0.303644512721803
-0.142773817293346,-0.0950757781974971,0.167517211288214,-0.928559292806312,-1.08647975546774
-0.288476868532598,-0.768725032918155,0.826975782867521,-1.21576320705935,-0.0887380223721266
0.689867079723626,0.770999661413953,0.228517470182851,-0.605944721610285,-1.13372318976326
-0.479735052678734,-1.06972758495249,0.208502919180319,-1.25042236282025,0.0890035573975183
-0.953711015637964,-0.55445669661276,-1.32515826146118,0.581159059074707,0.301752133469563
0.724799079354852,1.23421415290795,0.623085043625906,-0.0591232773149386,-0.315170103858691
-0.330824077595025,0.525175296934322,-0.736239135963842,1.23958994832356,0.351915041625034
0.263577743433416,0.564162305556238,0.970043975394219,0.690527671948075,1.05619035218842
0.0928525174967945,-0.705961044644937,0.670330265304074,-0.70389541273471,-0.752692620560993
-0.247111013624817,0.0660994157660753,0.588676347164437,-0.310779825202189,0.53354605397908
-0.62825396982953,0.665578617947176,0.319387506926432,0.886193460435607,1.35827997600427
-0.142118817660958,0.159757566871122,-0.236856028204784,0.0770850396947935,0.820905866276007
0.261547197122127,-0.323071067454293,1.0858718061354,-0.167521834024228,0.926935921015684
0.0416847025044262,-0.851743962382898,0.0195696710143238,-0.893122300854884,-1.43334974773461
0.319242674391717,-0.695772111648694,0.156764666317031,0.511716814129613,0.876384980103467
0.458721862640232,0.976383359404281,-0.0836945644114166,0.843283245922066,0.0681968170101754
-0.0263542532920837,-0.287527133245021,-0.87847833847627,0.276756097795442,-0.479481239453889
-0.231086768675596,0.775700913975015,0.699187293415889,-0.0485613936325535,-0.668420772359241
-0.986332982312888,-0.376528611173853,-1.05092701991089,-0.0268804196966812,-0.866515063738916
-0.99263154482469,-0.470993470633402,-0.900987986242399,0.673016873537563,-0.465214765339624
0.989872880280018,1.39047976722941,0.812021365389228,-0.232763019623235,0.211519447038881
-0.784226239658892,-1.17250992869958,-0.258873300626874,-0.565783079946414,0.23832125205081
-0.162661683280021,0.556484259432182,0.861253938404843,0.999414040590636,1.24462908349233
0.435769093222916,-0.0274312398396432,-0.572250986937433,-0.458730885991827,-0.782255507423542
0.485078264493495,0.355821227887645,0.330136983888224,-0.0963912265142426,0.693112609849777
0.743997647427022,-0.000258802901953459,1.20274309348315,0.832905604736879,0.781107274466194
0.215735922101885,-0.727446278324351,0.853742768289521,-1.20325239037629,0.713290671294089
0.512406702619046,0.816078435862437,1.06528116972186,0.433488492504694,1.29301759967348
0.694482596125454,-0.266289245104417,0.904802425066009,-0.293068930390291,-0.0834303803858347
0.225559297949076,0.423950584139675,-0.55287821078673,-0.471925774822012,-1.03047883266117
0.586448335554451,0.163518274435773,-0.464006013935432,-0.0191248807823285,-0.931728757976089
-0.95429063308984,-1.08284866344184,-1.2405570554547,-1.2021828587167,-0.445072181988508
-0.166170900687575,0.906235394068062,-0.218950267881155,1.16361211426556,0.55266826460138
0.749764774926007,0.26836812030524,0.929656321182847,0.510450402274728,1.53300884086639
0.294694031123072,-0.789799656020477,0.955543205840513,-1.15184935519937,0.899336682690773
0.848957973532379,1.29851210303605,0.277411547023803,-0.112511925864965,0.19286432582885
-0.655549807939678,0.414193004602566,0.291247308487073,-0.215815742383711,-0.294081400439609
-0.368374421726912,0.0183053559157997,-0.247437003301457,0.889623872120865,0.658487017208245
0.608512558508664,-0.0977128080558032,0.66146247391589,0.814424335141666,1.48601631465135
0.977926822379231,1.10765596153215,1.00641517946497,-0.0803150015417486,1.41892013570759
-0.355228896252811,0.726670322008431,0.189104782417417,1.18908264301717,0.497023019939661
-0.997616743203253,0.205299570923671,0.196350855054334,-0.764434551470913,0.184710356232245
0.984341238625348,-0.253209908958524,0.115310438442975,0.62865258497186,0.00424511486198753
-0.703295216429979,0.586117091355845,-0.986114002997056,-0.589320405502804,-0.874446706089657
-0.901271405629814,-0.336433685384691,-1.26359536265954,0.735174904111773,-0.786764722783118
0.194706965237856,-0.89191762264818,-0.873057330027223,-1.12581999553367,-0.614753323839977
-0.357343113049865,-0.907143717166036,0.626155049074441,-0.291901145363227,-0.000176656874828041
0.0558580006472766,-0.960376796545461,0.620034836465493,-0.0573550179833546,0.660936786618549
0.590844040736556,0.929170144721866,-0.54903418244794,0.0252301087602973,0.63746329001151
-0.862134806346148,0.133259772555903,-1.2275812223088,-0.880106757278554,-1.95195047772722
0.390041394624859,1.05715326895006,-0.457195119699463,0.949821539339609,0.483544299087953
0.897263014689088,0.186011272016913,0.505987548269331,-0.281500726239756,0.605547711602412
-0.444461365230381,0.726679065730423,0.248397346585989,1.07361364527605,1.03498037660029
-0.501186829525977,0.396893949015066,-1.01415608474053,0.14208558795508,0.312912507972214
-0.681129039730877,0.234333206666633,-1.13368573575281,1.10137226048391,0.582225671096239
-0.856739887967706,-0.182718274649233,-0.323843015823513,-0.935631245141849,0.135374389472418
0.114875166211277,0.992147440789267,-0.361525281099603,-0.454510004376061,0.553692809829954
-0.0203258967958391,-0.0103259671013802,-0.129281899193302,0.14517402893398,0.105125054426026
-0.0114152762107551,0.781683561159298,-0.768819029210135,0.606169744743966,0.48070128337713
0.776743170339614,0.190458079101518,1.23160880175419,-0.896040541934781,0.326752520806622
-0.926591280382127,-0.568212420912459,0.00188335566781461,0.203293777420186,-0.743863637500908
-0.592512372881174,0.575301977805793,-0.373195260297507,-0.618795570451766,-0.558409299235791
0.0275622783228755,0.380445533897728,0.358409992884845,0.146680977428332,-0.446089849923737
-0.527320221997797,-1.22733385069296,-0.686671288684011,0.263443166157231,-0.0990672638872638
0.150871339719743,-0.59351089480333,0.402326492359862,-1.17748006654438,-1.27561911084922
-0.0354841770604253,-0.0260730907320976,-0.267604802269489,0.894245258066803,0.786403335630894
0.138705377466977,-0.0775768551975489,0.411199772264808,0.502821781206876,-0.538597283419222
-0.71169536979869,0.628258556360379,-0.530398559058085,1.01722807867918,-0.581956232723314
-0.708582474850118,0.423609010409564,0.0683492310345173,-0.352266292320564,0.661245499155484
-0.175433774013072,-0.396206144476309,-0.525564972544089,0.790842423099093,1.08095460600452
0.3660205649212,0.594698532484472,0.660419238265604,0.684395386837423,0.293908508727327
0.306855640839785,0.9708771945443,0.303270728094503,0.0597048493800685,0.465475485951174
0.831972666084766,0.768572107423097,-0.535021695774049,1.02017092029564,0.549710079212673
0.626226264983416,0.591313675045967,0.038502583745867,1.2145057558082,0.85106807667762
0.35178000247106,-0.524900944670662,0.0575885458383709,0.53839253319893,1.0606331647723
0.614998218603432,0.509749889373779,0.11430301470682,-0.491446316707879,0.37442120583728
-0.743871160782874,-0.826433108653873,-0.282391244545579,-1.29395102220587,-1.17940302228089
-0.498442932032049,-0.333514723926783,0.47717154584825,0.470068496186286,-0.418353511719033
-0.336906016804278,-0.72394682187587,0.362896304111928,0.358659340068698,0.253415272338316
-0.185461420100182,-0.582887676311657,-0.961886893725023,-1.20104457705747,-1.22943070047768
0.270735153928399,0.442743031308055,-0.629596471320838,-0.329567460808903,-0.205728413071483
0.617224089801311,0.252598367165774,-0.071811540517956,0.53593505336903,0.721466559101827
-0.482397597283125,-0.919272727333009,-0.623842184431851,-1.26224503945559,-0.764338968787342
0.638934279792011,-0.136372190900147,0.784140729345381,-1.03640394564718,-0.20042413007468
-0.969044662080705,-0.0586101450026035,-1.20153961330652,0.78195661585778,-0.771047111600637
0.308801533188671,0.381108070956543,1.10954724182375,-0.71137902548071,0.106042863277253
0.623439168557525,-0.424036483280361,1.02131761610508,0.536294168327004,1.31391411437653
-0.0772621463984251,-0.898616566788405,0.129216391127557,-1.20816770358942,-1.02299575612415
-0.593165796715766,0.635947127593681,0.502545609371737,0.126301811891608,0.729107201623265
-0.962463565636426,-0.744691226864234,-1.46254269662313,-0.912499647238292,-0.630070072307717
-0.433734605554491,0.138040866469964,0.352246869588271,0.621491251862608,0.259871905029286
0.830545251257718,1.1071760863997,1.23087558103725,0.70623837527819,0.585678215953521
0.867393041029572,-0.0830027088522911,-0.344748359639198,-0.651891843415797,-1.27675648336299
0.0850632274523377,-0.887166404165328,-0.0258263796567917,-0.594068481121212,-0.350166230229661
-0.56115490803495,-0.0900969805661589,0.0681190674658865,-0.165097698220052,0.424994863162283
-0.0211443919688463,0.661810060031712,-0.0796672743745148,1.14859793940559,0.569909752812237
0.602297472301871,0.0256471566390246,1.05118981958367,-0.0618474172661081,1.34124104754301
-0.18473868444562,-0.427992275450379,-0.290198269765824,0.649199550738558,-0.791582194040529
-0.792576866224408,-0.106815771665424,-0.262918141670525,-0.274498100625351,0.563864515977912
-0.438869650475681,0.697795448359102,0.087976667098701,0.959424618398771,0.682919912855141
-0.277067558839917,0.0538734775036573,-0.567214320413768,0.564048178493977,0.615554634481668
-0.481510317884386,-0.220195122994483,0.543134542647749,-0.428282981738448,-0.0754566264804453
-0.0586363328620791,-0.718789894599468,-0.751891477499157,0.516391929937527,-0.488749933312647
-0.268309053499252,0.557547484291717,-0.0197662443388253,0.286436302005313,-0.0490134213468991
-0.757455891463906,-0.949967094464228,-0.872871093219146,-0.826428931090049,-1.25447160965996
-0.906012638937682,-0.113259829813614,-1.30579397804104,-0.171339025837369,-1.49827605806058
-0.474407391622663,-0.00169079331681132,0.288093554787338,-0.0268984416034073,-0.312658526818268
0.937282335944474,-0.431359278038144,0.68137871986255,0.467525642365217,0.125570382690057
-0.0230090352706611,0.887293033534661,-0.345516787143424,1.34196533972863,0.17878516408382
-0.0443559405393898,0.142926092958078,0.797149267280474,0.0122026711469516,-0.558642164513003
0.497585762292147,0.9707015552558,0.428847274743021,0.227474745130166,0.849951721145771
0.335280462633818,0.204574730014428,1.06049169017933,-0.445895604440011,0.201628276670817
-0.901168806478381,-0.918329436331987,0.354076674208045,-1.44995146570727,-0.345581888919696
0.390210488811135,0.389860571362078,-0.0309586781077087,0.613805001135916,-0.498790057841688
-0.273476866539568,0.454413735074922,0.300223556580022,0.619943552999757,-0.476514259993564
0.76826721476391,0.762705682544038,1.0388277170714,-0.589257255778648,-0.40596028364962
0.550594459287822,0.236560518853366,1.10294131888077,-0.506354356650263,-0.638904091436416
-0.721592717338353,-0.42893758113496,-1.09955876111053,-0.140760723385029,0.257477370731067
-0.409981457516551,0.0318339415825903,-1.11615657527,-0.666064670076594,-0.909328014939092
-0.747834429144859,-0.475376185961068,0.602550521027297,-0.745668117422611,0.533406397793442
0.179803247563541,0.295316689182073,-0.131139668636024,0.99228832940571,0.549761391594075
0.123351217713207,-0.929106442956254,0.483782435068861,-0.738344006123953,-0.907560469873715
0.377442240249366,1.17871014517732,0.240601273952052,1.57498983026017,-0.0711760512203909
-0.377458381932229,-0.375804294133559,-0.414926640456542,0.263547138660215,-0.211068159609567
0.211173682939261,-0.658509884262457,0.542720502940938,-1.03081400564406,-0.829802359861787
0.982068637851626,1.23011250956915,1.25139575381763,0.798860304406844,1.63770789635601
0.486409830395132,0.323590828338638,-0.514474692055956,0.859266392071731,0.194383686815854
-0.848285739310086,0.339052466209978,-0.690038396045566,0.637515147449449,0.0511114654364064
-0.0976621871814132,-0.973751415498555,0.531032633502036,-0.561883990187198,0.840774443466216
-0.892926130909473,0.316404858836904,-1.01526260166429,0.180376205244102,-1.2651077057817
-0.320888971909881,0.284254853613675,0.0810090359300375,0.254895336460322,-0.787919372553006
0.467904297634959,0.773572742007673,-0.0106031373143196,-0.211622331757098,0.0045395668130368
-0.991786119062454,0.231294358382002,-0.287822459591553,0.894029062357731,-0.487579166248906
0.543818964622915,0.273393688723445,0.400946018751711,-0.554535167757422,-0.550619532819837
-0.0740495775826275,0.814703259849921,0.351861811475828,0.57655075204093,-0.255788153328467
0.44168070005253,-0.363010309403762,0.849127723136917,-0.219631204730831,-0.379284922557417
0.333011434413493,-0.779283095151186,0.0738741862587631,-0.995075118262321,-0.321368874050677
0.144147441256791,-0.296340135158971,-0.187996889231727,0.808678875095211,-0.572560468397569
0.407625900115818,0.524037449387833,0.849131026538089,-0.099918347899802,0.633840409165714
0.31444212095812,-0.21339633804746,0.182469603372738,-1.01712077681441,0.0546750191715546
-0.421295709908009,0.678274920675904,0.272515795659274,0.846509641734883,0.307958624907769
-0.805521088652313,0.155180615372956,0.29591641202569,0.211308205500245,0.664058500900865
0.924842642154545,0.141283813631162,0.343020751839504,-0.90986410912592,-1.17653124051867
0.472668058238924,0.199626558460295,0.0481506423093379,-0.298678579274565,0.0422521587461233
0.225446937140077,-0.0552869339007884,0.814558690181002,0.698946948978119,0.285086044867057
-0.760142238344997,0.172596679767594,0.0739781048614532,-0.44940492475871,-0.827665297023486
0.100518092978746,0.0211130583193153,0.280399549519643,-0.872363862697966,-0.720834169245791
-0.474487444385886,-1.20664551388472,0.162758404389024,-0.181222933810204,0.198443698463961
0.796721662394702,0.683263421524316,0.89470675913617,0.359128771116957,0.466380075202323
-0.981640108395368,-1.0211600845214,-0.967124768765643,-0.700685963383876,-0.561728522472549
-0.527530128136277,0.230286702048033,-0.711371760815382,-0.0358288127463311,0.521785764605738
-0.739910809323192,-0.778740655630827,-0.971027861349285,0.438561241142452,-0.214563773944974
-0.347533706575632,0.638669529929757,0.712225140538067,1.12334774807096,0.416337996488437
0.45279777655378,0.933046924183145,-0.23130974941887,-0.0973459732485935,0.321760557068046
0.983490470796824,0.4156727893278,0.488562533631921,0.357625488657504,0.483885266585276
0.430267055518925,-0.642169975675642,-0.711490708403289,-1.23977871518582,-1.70296097546816
0.00887962197884917,0.16004725988023,0.607914276653901,0.161218652850948,-0.134871160786133
-0.127904656343162,0.0952063398435712,-0.253503196407109,-0.726739905308932,-1.25359413772821
0.897650501225144,1.43597880448215,0.369077061070129,1.23289713764098,0.0158782206126489
-0.759637024719268,-0.709269683575258,0.482485788641497,-1.13234648283105,-0.0233743363642134
-0.849709646776319,-0.091251275036484,-0.645093372091651,-0.637396835489199,-0.166055492474698
0.778042985592037,1.26613349677064,0.880654230946675,1.16847437492106,0.918964515381958
-0.151095809880644,0.0741657649632543,0.491669088369235,-0.1182277869666,-0.519850195792969
-0.915278642438352,-0.0742164934054017,-1.04272681474686,0.0567997149191797,0.188081651227549
0.29488428728655,-0.673040682217106,-0.739504397148266,0.424517333623953,0.836272413318511
-0.0627616751007736,0.70153765170835,-0.368353170109913,0.806027728947811,-0.74225318984827
0.235852246638387,0.120204916922376,0.485536494525149,0.565794836147688,0.599414870433975
-0.458369134925306,-0.782671999186277,0.306363969109952,-0.189858099445701,0.651026197709143
-0.685409426689148,-0.517866230104119,-0.0366059304215014,-1.05679963645525,-0.498656459967606
-0.771491459570825,0.386866829358041,0.481862258631736,0.845878826919943,0.157070705201477
0.0153657263144851,-0.00113026238977909,-0.985285233706236,0.475932781584561,-0.307732462882996
0.0960645750164986,0.393539743032306,-0.195189527235925,0.962721179472283,-0.0318814691854641
-0.718707621097565,-0.794344934634864,-0.071945708245039,-1.22884245077148,0.284371108980849
-0.66046189982444,0.303885655943304,-1.13208572752774,0.810887834755704,0.237591044395231
0.523970646318048,-0.245815767673776,-0.707887753145769,-0.573275306611322,-0.147318487812299
0.0547898812219501,-0.233312671538442,-0.675474918447435,-0.448224616004154,-1.53458589210641
0.721978715155274,-0.167961852392182,0.851609984179959,0.690093162585981,0.572672921640333
0.34710997575894,1.04506883979775,0.879048489732668,-0.0948134324280545,0.299851394665893
-0.973917940631509,-0.656805313657969,-0.83706805575639,-1.30401998129673,-1.82700630940963
0.38639780273661,-0.531902287853882,-0.273462081095204,0.144737298716791,-0.549959838215727
0.78342746431008,1.22044317820109,-0.121191383572295,-0.314540973282419,-0.918934810266364
0.26370035065338,-0.172867072513327,1.04435075842775,0.558617512811907,0.63544050528435
-0.785410690121353,0.313156406395137,-0.398167866282165,0.963447281625122,-0.284900448052213
0.842130407691002,-0.293664438650012,0.809968354646116,-0.813916995190084,0.0434082539286464
0.350724762305617,-0.105771876871586,1.00562620908022,-0.637695004232228,0.959579843562096
-0.702812574803829,-0.860396152362227,-0.133562713395804,0.16156227234751,0.0472675573546439
0.490683684591204,-0.662846264662221,-0.229440442053601,0.454969464219175,-0.0371282363194041
0.885197723750025,1.01169466623105,1.28046033740975,-0.00678676401730627,0.227319502213504
-0.158433248754591,-0.680873155361041,0.344009532826021,-0.474050120799802,-0.616089418123011
-0.404553843662143,-0.418576433323324,-1.11461973423138,-0.412981603760272,-1.65744555927813
-0.481146659702063,-0.593448840547353,0.0264419238083065,0.0344611296895891,0.602125530014746
-0.554237366188318,-0.0729068729560822,0.428346092579886,-0.426059642224573,0.917453802365344
0.13130868691951,0.148197702597827,-0.696153937838972,0.658040681155398,0.802376265753992
0.513300265651196,1.23829759820364,1.1607259393204,0.301602385356091,0.314980675291736
0.339207091834396,-0.322814355837181,-0.748716734582558,-0.646497434587218,-1.21025811129948
0.0930455885827541,0.517062580678612,-0.612277242355049,-0.733545663068071,-1.05737801839132
0.622927315533161,1.26667997986078,-0.64222952304408,0.39401771966368,-0.467737405793741
0.518333604093641,0.375259285559878,0.0389866151381284,0.386482780217193,0.441962129727472
-0.959863067604601,-0.694515214767307,-0.0613772519864142,-0.669186831219122,-0.0951627657050267
-0.238192599732429,0.530282218707725,0.192414791556075,-0.383290408761241,-0.879285515460651
-0.898239772766829,-1.22435096465051,-0.476834452711046,0.38296322664246,-0.0508008988108486
0.595805874560028,0.369458745466545,-0.540650737239048,-0.284471409744583,-1.31742314115399
0.847398426383734,0.311362382955849,1.35946801444516,0.256065687164664,1.1232934917789
0.085196740925312,-0.409487204160541,0.163144100923091,-0.934254269348457,0.523631815914996
0.704729200340807,-0.332920328248292,0.786176922731102,0.197184268152341,1.40518832241651
0.167125726584345,0.827239010715857,-0.349587624659762,0.314321636338718,0.803092538088094
0.336647287011147,0.292413356248289,0.772829450666904,-0.120504189981148,0.278010406647809
0.0226291930302978,0.112694113049656,0.269753313157707,-0.171390262665227,-0.212366853724234
0.525501178577542,0.447481160517782,1.08067241311073,0.0326829690020531,0.33561646041926
0.80672457581386,0.858988013351336,0.19561266596429,1.08462344866712,1.52167307765922
0.640949024353176,0.598325081402436,-0.0629566598217934,1.13119212316815,0.906735356373247
-0.857136300764978,-0.199667820706964,0.034820175729692,0.422571944072843,0.0626245653256774
-0.992207313887775,-1.39126995578408,-0.106086520012468,-0.960937614087015,-0.572867339476943
-0.895602768287063,-0.317485878244042,-0.577201053034514,0.224033249076456,0.317587341647595
0.733120359480381,0.541242940351367,0.98159996047616,0.286686829756945,1.10398553241976
0.152490337844938,0.33337931917049,-0.312528741313145,-0.794458465534262,-0.611131309822667
-0.372314855922014,0.0576238620560616,0.642953198635951,0.322610210976563,0.305561457120348
0.918931567575783,-0.375994132133201,0.719124562805519,0.0580182628473267,0.19272955233464
0.182387514039874,-0.753521018661559,0.645522273145616,-0.710818290710449,0.309964299201965
0.0628186715766788,0.405598715413362,0.465697120409459,-0.744626969331875,0.242027259548195
-0.232126656919718,0.544543856289238,0.210289050359279,1.22216664650477,-0.16589367587585
-0.360893541015685,-0.8886270201765,0.225737230852246,0.538236203836277,0.302388807409443
0.616772510576993,0.87544639990665,-0.306342048803344,-0.409117182600312,-0.346636456029955
-0.916161003056914,-0.485180343268439,-0.261924072401598,-0.166700426372699,-0.899973156454507
-0.272514610551298,0.842272905632854,0.398083738517016,1.37684193905443,0.493166408268735
0.713193933945149,0.354806876042858,-0.170651169260964,-0.603247123188339,-0.986519616155419
0.395893156994134,0.322467648657039,0.581058703595772,-0.11362181964796,-0.532448355399538
0.368972945958376,-0.0589994858019054,-0.631035371683538,-0.029861027142033,0.372179274563678
-0.30396989453584,-0.114710552617908,0.322097533382475,0.767901526764035,0.22455545142293
0.109363658819348,-0.796750586247072,0.94404397229664,-0.254253623890691,-0.531544031167869
-0.725512764882296,-0.285811694106087,-0.0345810789149255,-1.09731669758912,-0.275845503958408
0.569863112643361,1.20705355796963,0.619762705639005,1.31398603087291,1.49425004585646
0.773725143168122,0.442482850747183,0.226905920309946,0.882209908799268,0.628132354177069
-0.59180823341012,-0.421585212927312,-1.01997027173638,0.545509519753978,-0.232337470748462
0.541245922911912,-0.664843045407906,0.209353188751265,0.286782855982892,0.760062006593216
0.192725921515375,-0.828168677864596,-0.716128553962335,-1.41395366552752,-0.292996245261747
0.915339484810829,-0.447633669711649,0.965816444717348,-1.0201653689146,0.626069034915417
-0.682623204775155,-1.01939353113994,-0.608655791264027,0.159954988164827,-0.222584783448838
0.0519485482946038,-0.0358309391885996,0.162247037515044,-0.575620677322149,0.385905423201621
0.746302735060453,0.984999317210168,0.139193995855749,-0.446667588083073,-0.767987898900174
0.739412140566856,-0.0690988975111395,-0.223816529614851,0.118902594665997,-0.306889254541602
-0.952622713521123,0.0332566136494279,-0.405780585017055,0.530387827660888,-0.123301233164966
0.95177938695997,0.519541323184967,0.247584191616625,1.00707878032699,-0.188541998155415
-0.0195516035892069,-0.431881415424868,0.714794916799292,-1.09520887990948,-1.18618741334649
-0.221659353934228,-1.07607527403161,-0.923702587373555,-1.09436091943644,-1.22981123102363
-0.164890080224723,0.254254019586369,-0.955547964433208,-0.0448226459557191,-1.18308798730141
-0.814148359000683,-1.27312225010246,-1.07354610506445,-0.813901865389198,-0.185863638995215
-0.676381579600275,0.334582063835114,0.533119672909379,0.326071691466495,0.610553666832857
-0.189167009666562,-0.823897193185985,-0.209565554279834,0.471949306316674,0.0345056166406721
-0.316371111664921,0.153570661088452,0.190607009688392,1.05198252515402,0.686704634514172
-0.16948509356007,0.591152910841629,-1.01258654869162,-0.444827846833505,-1.62713766441448
-0.391895061824471,-0.680651538772509,-0.259105354780331,-0.790575806400739,-0.0180187577498145
0.120561074931175,-0.66772889229469,-0.84841232211329,0.322901197359897,0.114089016977232
-0.688251698855311,0.18285097903572,-0.104058461962268,1.07394292752724,-0.259188293421175
0.91315952828154,-0.119427769212052,1.18636374059133,0.286687231739052,0.958443423209246
-0.912066749297082,-0.920094176195562,-1.06429505348206,-1.30526895914227,-0.885398332495242
-0.255684514530003,-0.0641798679716885,-0.56364535074681,-0.763283123029396,-0.974752060952596
0.925230682827532,0.410849076230079,1.19298951886594,-0.118381904670969,0.915110156754963
0.290855031460524,-0.107685154303908,-0.790502389892936,-0.549624616745859,-0.532430788734928
-0.877474771346897,0.111962471390143,0.125973365036771,-0.44237149215769,-0.60478677978972
-0.180108143016696,0.0263538686558604,-0.179915083572268,0.579712769482285,1.02902072598226
-0.148189731873572,-0.763621623627841,-0.91385108884424,-1.03423815127462,-1.88196535827592
0.0163161694072187,0.986994981532916,0.821679824730381,0.690105322166346,1.56201593071455
-0.100800178479403,-0.561507228529081,-0.672386780148372,0.102412474458106,0.349986390385311
0.246522767003626,-0.615981592098251,0.615453120088205,0.537880402407609,0.224843252974097
-0.720044137910008,-0.934659798163921,-0.496893909294158,-0.0873799312394112,-0.45699954230804
0.815892801620066,0.167954897508025,0.749010795261711,-0.368704597465694,0.198662263108417
0.138886549510062,-0.211314387619495,-0.555654299911112,-1.08376687485725,-0.715531851397827
0.0965611478313804,-0.346395328175277,0.81176691967994,-1.0867584689986,-0.991574177402072
-0.766344754956663,-1.29437295021489,-1.28543748054653,-1.31139087420888,-1.65995848423336
0.524056664668024,1.13159503787756,-0.29756189417094,1.27107917191461,-0.0464767527300864
-0.0432611065916717,0.115803506458178,-0.498029621085152,-0.850271554547362,-1.4789463475463
0.563937829341739,-0.276425595162436,0.816388722741976,-0.59543752472382,1.0658578464645
-0.907946902792901,0.301948899170384,-0.682048443006352,0.928860350861214,-0.192085698188748
0.639689335599542,0.254422280471772,-0.123009114060551,0.2229977294337,0.915863569942303
-0.461183105129749,-0.145891923224553,-1.07536052842624,0.536689215456136,0.350880446319934
-0.434299170970917,0.351646762341261,-0.216539859771729,1.09021661849692,0.255509320413694
0.286443118937314,0.438962104264647,0.0461244583129883,0.59896921296604,0.917629282106645
0.896237675566226,-0.262094868114218,1.42132206424139,-0.328780284966342,0.0349161498597823
-0.986003091093153,-0.849726791260764,-1.20873286458664,0.517218292807229,0.211066129326355
-0.296764655970037,0.753728837240487,0.51928917504847,1.2556161347311,0.0591960650635883
-0.161908550187945,-0.704557293094695,-1.02189529500902,-0.315714154858142,-1.2448520755861
-0.0842464058659971,0.458685294026509,0.515394204529002,-0.498076999909244,0.975159664114472
0.423385158646852,0.130009529879317,-0.330959540093318,0.31847675552126,-0.915931974479463
0.839696115348488,-0.297421844443306,-0.312431705417112,0.496589046553709,0.18334005511133
0.254221401177347,-0.462503147311509,-0.491667451802641,-0.958720862865448,-0.377639352111146
0.804363556671888,0.752768777543679,-0.166088942205533,0.5713207666995,-0.244837809179444
0.514658318366855,-0.46661041979678,1.12567194341682,0.732622926007025,0.915059336752165
-0.724283268675208,-0.531054232735187,0.615493674762547,-0.804265819722787,0.624610223225318
-0.693490243982524,-0.444251058390364,-0.726695264922455,-0.387384753557853,-0.587463970819954
-0.61737562622875,-0.0627946737222373,-1.03442605445161,-0.830855338135734,-1.66112808266189
-0.133629718795419,-0.564466264564544,0.255156754050404,-0.72521032509394,-0.600696503533982
-0.825561396311969,-0.484473770717159,-0.242953944718465,-0.181143902358599,0.320458117930684
-0.552439997904003,-0.945201540831476,-0.588089333847165,-0.844361854018643,-1.62587074760813
0.144297359045595,0.787761586485431,0.700061756419018,0.595284938695841,1.49805201782146
-0.199661643244326,-0.78672702703625,-0.533462902531028,0.580832523293793,0.389523776248097
0.130930761341006,-0.757871351903304,0.757147501921281,-0.160372704151087,0.131922277098056
0.659247757401317,1.11645942251198,-0.396332350326702,-0.150295643252321,-1.00264525407692
0.284227638971061,-0.256645163754001,0.866009332006797,0.280310338712297,1.42645819165045
-0.217002496588975,0.395672093844041,-0.974260010523722,0.556196655030362,-0.745821555086877
0.419159709475935,0.0127931507304311,0.0799967255443335,-0.348435693886131,0.344616047805175
-0.782351853791624,-0.494059714721516,-0.0309060078579932,-0.400398575351574,-1.19944513723021
